Position,Original_Nucleotide,Mutated_Nucleotide,Mutated_Sequence,Prediction_perm_seq,Prediction_rand_seq,Prediction_gen_seq,Signal,Prediction_perm_mic,Prediction_rand_mic,Prediction_gen_mic
0,ORIGINAL,ORIGINAL,CCCTAAACCCTAACCCTAACCCTAACCCTAACCCTAACCCCAACCCCAACCCCAACCCCAACCCCAACCCCAACCCTAACCCCTAACCCTAACCCTAACCCTACCCTAACCCTAACCCTAACCC,0.9999997,0.9881084,0.8555306,22.184523,1.0,0.9872693,0.9159001
1,C,A,ACCTAAACCCTAACCCTAACCCTAACCCTAACCCTAACCCCAACCCCAACCCCAACCCCAACCCCAACCCCAACCCTAACCCCTAACCCTAACCCTAACCCTACCCTAACCCTAACCCTAACCC,0.99999964,0.9853744,0.858473,22.184523,1.0,0.98375523,0.9145477
1,C,C,CCCTAAACCCTAACCCTAACCCTAACCCTAACCCTAACCCCAACCCCAACCCCAACCCCAACCCCAACCCCAACCCTAACCCCTAACCCTAACCCTAACCCTACCCTAACCCTAACCCTAACCC,0.9999997,0.9881084,0.8555306,22.184523,1.0,0.9872693,0.9159001
1,C,G,GCCTAAACCCTAACCCTAACCCTAACCCTAACCCTAACCCCAACCCCAACCCCAACCCCAACCCCAACCCCAACCCTAACCCCTAACCCTAACCCTAACCCTACCCTAACCCTAACCCTAACCC,0.99999946,0.9871472,0.8859236,22.184523,1.0,0.98566383,0.9077185
1,C,T,TCCTAAACCCTAACCCTAACCCTAACCCTAACCCTAACCCCAACCCCAACCCCAACCCCAACCCCAACCCCAACCCTAACCCCTAACCCTAACCCTAACCCTACCCTAACCCTAACCCTAACCC,0.9999996,0.98271805,0.85890675,22.184523,1.0,0.98059064,0.9080512
2,C,A,CACTAAACCCTAACCCTAACCCTAACCCTAACCCTAACCCCAACCCCAACCCCAACCCCAACCCCAACCCCAACCCTAACCCCTAACCCTAACCCTAACCCTACCCTAACCCTAACCCTAACCC,0.99999964,0.98646116,0.8775362,22.184523,1.0,0.98166066,0.9200495
2,C,C,CCCTAAACCCTAACCCTAACCCTAACCCTAACCCTAACCCCAACCCCAACCCCAACCCCAACCCCAACCCCAACCCTAACCCCTAACCCTAACCCTAACCCTACCCTAACCCTAACCCTAACCC,0.9999997,0.9881084,0.8555306,22.184523,1.0,0.9872693,0.9159001
2,C,G,CGCTAAACCCTAACCCTAACCCTAACCCTAACCCTAACCCCAACCCCAACCCCAACCCCAACCCCAACCCCAACCCTAACCCCTAACCCTAACCCTAACCCTACCCTAACCCTAACCCTAACCC,0.9999989,0.98760104,0.88041186,22.184523,1.0,0.98661095,0.9243759
2,C,T,CTCTAAACCCTAACCCTAACCCTAACCCTAACCCTAACCCCAACCCCAACCCCAACCCCAACCCCAACCCCAACCCTAACCCCTAACCCTAACCCTAACCCTACCCTAACCCTAACCCTAACCC,0.9999997,0.9784817,0.84919363,22.184523,1.0,0.9799068,0.9140234
3,C,A,CCATAAACCCTAACCCTAACCCTAACCCTAACCCTAACCCCAACCCCAACCCCAACCCCAACCCCAACCCCAACCCTAACCCCTAACCCTAACCCTAACCCTACCCTAACCCTAACCCTAACCC,0.9999994,0.98382205,0.8443959,22.184523,1.0,0.97432745,0.9022189
3,C,C,CCCTAAACCCTAACCCTAACCCTAACCCTAACCCTAACCCCAACCCCAACCCCAACCCCAACCCCAACCCCAACCCTAACCCCTAACCCTAACCCTAACCCTACCCTAACCCTAACCCTAACCC,0.9999997,0.9881084,0.8555306,22.184523,1.0,0.9872693,0.9159001
3,C,G,CCGTAAACCCTAACCCTAACCCTAACCCTAACCCTAACCCCAACCCCAACCCCAACCCCAACCCCAACCCCAACCCTAACCCCTAACCCTAACCCTAACCCTACCCTAACCCTAACCCTAACCC,0.99999875,0.9893474,0.8774979,22.184523,1.0,0.98547214,0.90795434
3,C,T,CCTTAAACCCTAACCCTAACCCTAACCCTAACCCTAACCCCAACCCCAACCCCAACCCCAACCCCAACCCCAACCCTAACCCCTAACCCTAACCCTAACCCTACCCTAACCCTAACCCTAACCC,0.9999996,0.9812022,0.8405749,22.184523,1.0,0.97495925,0.9032603
4,T,A,CCCAAAACCCTAACCCTAACCCTAACCCTAACCCTAACCCCAACCCCAACCCCAACCCCAACCCCAACCCCAACCCTAACCCCTAACCCTAACCCTAACCCTACCCTAACCCTAACCCTAACCC,0.9999997,0.98399645,0.84146863,22.184523,1.0,0.97876775,0.9133392
4,T,C,CCCCAAACCCTAACCCTAACCCTAACCCTAACCCTAACCCCAACCCCAACCCCAACCCCAACCCCAACCCCAACCCTAACCCCTAACCCTAACCCTAACCCTACCCTAACCCTAACCCTAACCC,0.99999976,0.9890028,0.85127884,22.184523,1.0,0.98917437,0.9246998
4,T,G,CCCGAAACCCTAACCCTAACCCTAACCCTAACCCTAACCCCAACCCCAACCCCAACCCCAACCCCAACCCCAACCCTAACCCCTAACCCTAACCCTAACCCTACCCTAACCCTAACCCTAACCC,0.99999946,0.9904906,0.84490514,22.184523,1.0,0.98745257,0.9006827
4,T,T,CCCTAAACCCTAACCCTAACCCTAACCCTAACCCTAACCCCAACCCCAACCCCAACCCCAACCCCAACCCCAACCCTAACCCCTAACCCTAACCCTAACCCTACCCTAACCCTAACCCTAACCC,0.9999997,0.9881084,0.8555306,22.184523,1.0,0.9872693,0.9159001
5,A,A,CCCTAAACCCTAACCCTAACCCTAACCCTAACCCTAACCCCAACCCCAACCCCAACCCCAACCCCAACCCCAACCCTAACCCCTAACCCTAACCCTAACCCTACCCTAACCCTAACCCTAACCC,0.9999997,0.9881084,0.8555306,22.184523,1.0,0.9872693,0.9159001
5,A,C,CCCTCAACCCTAACCCTAACCCTAACCCTAACCCTAACCCCAACCCCAACCCCAACCCCAACCCCAACCCCAACCCTAACCCCTAACCCTAACCCTAACCCTACCCTAACCCTAACCCTAACCC,0.99999976,0.99047244,0.8548536,22.184523,1.0,0.9910394,0.9232767
5,A,G,CCCTGAACCCTAACCCTAACCCTAACCCTAACCCTAACCCCAACCCCAACCCCAACCCCAACCCCAACCCCAACCCTAACCCCTAACCCTAACCCTAACCCTACCCTAACCCTAACCCTAACCC,0.99999964,0.98596525,0.78566366,22.184523,1.0,0.98502475,0.88038635
5,A,T,CCCTTAACCCTAACCCTAACCCTAACCCTAACCCTAACCCCAACCCCAACCCCAACCCCAACCCCAACCCCAACCCTAACCCCTAACCCTAACCCTAACCCTACCCTAACCCTAACCCTAACCC,0.99999964,0.9882195,0.8355612,22.184523,1.0,0.9871363,0.91838187
6,A,A,CCCTAAACCCTAACCCTAACCCTAACCCTAACCCTAACCCCAACCCCAACCCCAACCCCAACCCCAACCCCAACCCTAACCCCTAACCCTAACCCTAACCCTACCCTAACCCTAACCCTAACCC,0.9999997,0.9881084,0.8555306,22.184523,1.0,0.9872693,0.9159001
6,A,C,CCCTACACCCTAACCCTAACCCTAACCCTAACCCTAACCCCAACCCCAACCCCAACCCCAACCCCAACCCCAACCCTAACCCCTAACCCTAACCCTAACCCTACCCTAACCCTAACCCTAACCC,0.99999976,0.9932635,0.87842405,22.184523,1.0,0.99459434,0.9377716
6,A,G,CCCTAGACCCTAACCCTAACCCTAACCCTAACCCTAACCCCAACCCCAACCCCAACCCCAACCCCAACCCCAACCCTAACCCCTAACCCTAACCCTAACCCTACCCTAACCCTAACCCTAACCC,0.99999946,0.98863375,0.83702487,22.184523,1.0,0.9887883,0.89687
6,A,T,CCCTATACCCTAACCCTAACCCTAACCCTAACCCTAACCCCAACCCCAACCCCAACCCCAACCCCAACCCCAACCCTAACCCCTAACCCTAACCCTAACCCTACCCTAACCCTAACCCTAACCC,0.9999996,0.99120945,0.8861045,22.184523,1.0,0.99149233,0.9339336
7,A,A,CCCTAAACCCTAACCCTAACCCTAACCCTAACCCTAACCCCAACCCCAACCCCAACCCCAACCCCAACCCCAACCCTAACCCCTAACCCTAACCCTAACCCTACCCTAACCCTAACCCTAACCC,0.9999997,0.9881084,0.8555306,22.184523,1.0,0.9872693,0.9159001
7,A,C,CCCTAACCCCTAACCCTAACCCTAACCCTAACCCTAACCCCAACCCCAACCCCAACCCCAACCCCAACCCCAACCCTAACCCCTAACCCTAACCCTAACCCTACCCTAACCCTAACCCTAACCC,0.9999997,0.9901841,0.84406745,22.260668,1.0,0.9901803,0.9228573
7,A,G,CCCTAAGCCCTAACCCTAACCCTAACCCTAACCCTAACCCCAACCCCAACCCCAACCCCAACCCCAACCCCAACCCTAACCCCTAACCCTAACCCTAACCCTACCCTAACCCTAACCCTAACCC,0.9999995,0.98735416,0.84802544,22.184523,1.0,0.9859641,0.9148948
7,A,T,CCCTAATCCCTAACCCTAACCCTAACCCTAACCCTAACCCCAACCCCAACCCCAACCCCAACCCCAACCCCAACCCTAACCCCTAACCCTAACCCTAACCCTACCCTAACCCTAACCCTAACCC,0.9999997,0.9812726,0.841131,22.184523,1.0,0.9809435,0.9235901
8,C,A,CCCTAAAACCTAACCCTAACCCTAACCCTAACCCTAACCCCAACCCCAACCCCAACCCCAACCCCAACCCCAACCCTAACCCCTAACCCTAACCCTAACCCTACCCTAACCCTAACCCTAACCC,0.9999996,0.9757728,0.85966563,22.184523,1.0,0.9725204,0.9071038
8,C,C,CCCTAAACCCTAACCCTAACCCTAACCCTAACCCTAACCCCAACCCCAACCCCAACCCCAACCCCAACCCCAACCCTAACCCCTAACCCTAACCCTAACCCTACCCTAACCCTAACCCTAACCC,0.9999997,0.9881084,0.8555306,22.184523,1.0,0.9872693,0.9159001
8,C,G,CCCTAAAGCCTAACCCTAACCCTAACCCTAACCCTAACCCCAACCCCAACCCCAACCCCAACCCCAACCCCAACCCTAACCCCTAACCCTAACCCTAACCCTACCCTAACCCTAACCCTAACCC,0.99999934,0.98519707,0.8806386,22.184523,1.0,0.97586626,0.9055012
8,C,T,CCCTAAATCCTAACCCTAACCCTAACCCTAACCCTAACCCCAACCCCAACCCCAACCCCAACCCCAACCCCAACCCTAACCCCTAACCCTAACCCTAACCCTACCCTAACCCTAACCCTAACCC,0.9999996,0.97012204,0.83663577,22.184523,1.0,0.96291065,0.9069887
9,C,A,CCCTAAACACTAACCCTAACCCTAACCCTAACCCTAACCCCAACCCCAACCCCAACCCCAACCCCAACCCCAACCCTAACCCCTAACCCTAACCCTAACCCTACCCTAACCCTAACCCTAACCC,0.9999996,0.9799118,0.8762447,22.184523,1.0,0.97441804,0.91789836
9,C,C,CCCTAAACCCTAACCCTAACCCTAACCCTAACCCTAACCCCAACCCCAACCCCAACCCCAACCCCAACCCCAACCCTAACCCCTAACCCTAACCCTAACCCTACCCTAACCCTAACCCTAACCC,0.9999997,0.9881084,0.8555306,22.184523,1.0,0.9872693,0.9159001
9,C,G,CCCTAAACGCTAACCCTAACCCTAACCCTAACCCTAACCCCAACCCCAACCCCAACCCCAACCCCAACCCCAACCCTAACCCCTAACCCTAACCCTAACCCTACCCTAACCCTAACCCTAACCC,0.99999833,0.98916185,0.8800226,22.184523,1.0,0.9870835,0.912141
9,C,T,CCCTAAACTCTAACCCTAACCCTAACCCTAACCCTAACCCCAACCCCAACCCCAACCCCAACCCCAACCCCAACCCTAACCCCTAACCCTAACCCTAACCCTACCCTAACCCTAACCCTAACCC,0.99999964,0.9719039,0.84306633,22.184523,1.0,0.9718544,0.9175618
10,C,A,CCCTAAACCATAACCCTAACCCTAACCCTAACCCTAACCCCAACCCCAACCCCAACCCCAACCCCAACCCCAACCCTAACCCCTAACCCTAACCCTAACCCTACCCTAACCCTAACCCTAACCC,0.99999946,0.97662306,0.8487217,22.184523,1.0,0.9732769,0.9022095
10,C,C,CCCTAAACCCTAACCCTAACCCTAACCCTAACCCTAACCCCAACCCCAACCCCAACCCCAACCCCAACCCCAACCCTAACCCCTAACCCTAACCCTAACCCTACCCTAACCCTAACCCTAACCC,0.9999997,0.9881084,0.8555306,22.184523,1.0,0.9872693,0.9159001
10,C,G,CCCTAAACCGTAACCCTAACCCTAACCCTAACCCTAACCCCAACCCCAACCCCAACCCCAACCCCAACCCCAACCCTAACCCCTAACCCTAACCCTAACCCTACCCTAACCCTAACCCTAACCC,0.9999983,0.9931286,0.8933365,22.184523,1.0,0.9914765,0.92475474
10,C,T,CCCTAAACCTTAACCCTAACCCTAACCCTAACCCTAACCCCAACCCCAACCCCAACCCCAACCCCAACCCCAACCCTAACCCCTAACCCTAACCCTAACCCTACCCTAACCCTAACCCTAACCC,0.9999996,0.97484964,0.8282609,22.184523,1.0,0.9742246,0.90325487
11,T,A,CCCTAAACCCAAACCCTAACCCTAACCCTAACCCTAACCCCAACCCCAACCCCAACCCCAACCCCAACCCCAACCCTAACCCCTAACCCTAACCCTAACCCTACCCTAACCCTAACCCTAACCC,0.99999976,0.9855805,0.85931534,22.184523,1.0,0.9825166,0.914862
11,T,C,CCCTAAACCCCAACCCTAACCCTAACCCTAACCCTAACCCCAACCCCAACCCCAACCCCAACCCCAACCCCAACCCTAACCCCTAACCCTAACCCTAACCCTACCCTAACCCTAACCCTAACCC,0.99999976,0.99129367,0.8480175,22.184523,1.0,0.9906493,0.92045456
11,T,G,CCCTAAACCCGAACCCTAACCCTAACCCTAACCCTAACCCCAACCCCAACCCCAACCCCAACCCCAACCCCAACCCTAACCCCTAACCCTAACCCTAACCCTACCCTAACCCTAACCCTAACCC,0.99999917,0.9938694,0.8788639,22.184523,1.0,0.98809,0.9208803
11,T,T,CCCTAAACCCTAACCCTAACCCTAACCCTAACCCTAACCCCAACCCCAACCCCAACCCCAACCCCAACCCCAACCCTAACCCCTAACCCTAACCCTAACCCTACCCTAACCCTAACCCTAACCC,0.9999997,0.9881084,0.8555306,22.184523,1.0,0.9872693,0.9159001
12,A,A,CCCTAAACCCTAACCCTAACCCTAACCCTAACCCTAACCCCAACCCCAACCCCAACCCCAACCCCAACCCCAACCCTAACCCCTAACCCTAACCCTAACCCTACCCTAACCCTAACCCTAACCC,0.9999997,0.9881084,0.8555306,22.184523,1.0,0.9872693,0.9159001
12,A,C,CCCTAAACCCTCACCCTAACCCTAACCCTAACCCTAACCCCAACCCCAACCCCAACCCCAACCCCAACCCCAACCCTAACCCCTAACCCTAACCCTAACCCTACCCTAACCCTAACCCTAACCC,0.99999976,0.9916737,0.8634426,22.184523,1.0,0.99132586,0.9419435
12,A,G,CCCTAAACCCTGACCCTAACCCTAACCCTAACCCTAACCCCAACCCCAACCCCAACCCCAACCCCAACCCCAACCCTAACCCCTAACCCTAACCCTAACCCTACCCTAACCCTAACCCTAACCC,0.9999995,0.9838227,0.7941179,22.184523,1.0,0.9852201,0.87636405
12,A,T,CCCTAAACCCTTACCCTAACCCTAACCCTAACCCTAACCCCAACCCCAACCCCAACCCCAACCCCAACCCCAACCCTAACCCCTAACCCTAACCCTAACCCTACCCTAACCCTAACCCTAACCC,0.99999964,0.9857062,0.8342161,22.184523,1.0,0.9843271,0.9231204
13,A,A,CCCTAAACCCTAACCCTAACCCTAACCCTAACCCTAACCCCAACCCCAACCCCAACCCCAACCCCAACCCCAACCCTAACCCCTAACCCTAACCCTAACCCTACCCTAACCCTAACCCTAACCC,0.9999997,0.9881084,0.8555306,22.184523,1.0,0.9872693,0.9159001
13,A,C,CCCTAAACCCTACCCCTAACCCTAACCCTAACCCTAACCCCAACCCCAACCCCAACCCCAACCCCAACCCCAACCCTAACCCCTAACCCTAACCCTAACCCTACCCTAACCCTAACCCTAACCC,0.99999976,0.99244756,0.8803941,22.184523,1.0,0.993402,0.9374904
13,A,G,CCCTAAACCCTAGCCCTAACCCTAACCCTAACCCTAACCCCAACCCCAACCCCAACCCCAACCCCAACCCCAACCCTAACCCCTAACCCTAACCCTAACCCTACCCTAACCCTAACCCTAACCC,0.99999946,0.9891659,0.85096395,22.184523,1.0,0.98665494,0.89757633
13,A,T,CCCTAAACCCTATCCCTAACCCTAACCCTAACCCTAACCCCAACCCCAACCCCAACCCCAACCCCAACCCCAACCCTAACCCCTAACCCTAACCCTAACCCTACCCTAACCCTAACCCTAACCC,0.99999964,0.98191404,0.86258036,22.184523,1.0,0.98770005,0.9221499
14,C,A,CCCTAAACCCTAAACCTAACCCTAACCCTAACCCTAACCCCAACCCCAACCCCAACCCCAACCCCAACCCCAACCCTAACCCCTAACCCTAACCCTAACCCTACCCTAACCCTAACCCTAACCC,0.9999996,0.98328865,0.8630559,22.184523,1.0,0.97396636,0.9140177
14,C,C,CCCTAAACCCTAACCCTAACCCTAACCCTAACCCTAACCCCAACCCCAACCCCAACCCCAACCCCAACCCCAACCCTAACCCCTAACCCTAACCCTAACCCTACCCTAACCCTAACCCTAACCC,0.9999997,0.9881084,0.8555306,22.184523,1.0,0.9872693,0.9159001
14,C,G,CCCTAAACCCTAAGCCTAACCCTAACCCTAACCCTAACCCCAACCCCAACCCCAACCCCAACCCCAACCCCAACCCTAACCCCTAACCCTAACCCTAACCCTACCCTAACCCTAACCCTAACCC,0.9999993,0.98444074,0.85477114,22.184523,1.0,0.97824806,0.8889805
14,C,T,CCCTAAACCCTAATCCTAACCCTAACCCTAACCCTAACCCCAACCCCAACCCCAACCCCAACCCCAACCCCAACCCTAACCCCTAACCCTAACCCTAACCCTACCCTAACCCTAACCCTAACCC,0.9999996,0.9748647,0.85131866,22.184523,1.0,0.9710228,0.90850115
15,C,A,CCCTAAACCCTAACACTAACCCTAACCCTAACCCTAACCCCAACCCCAACCCCAACCCCAACCCCAACCCCAACCCTAACCCCTAACCCTAACCCTAACCCTACCCTAACCCTAACCCTAACCC,0.9999995,0.97815484,0.86906135,22.184523,1.0,0.9766639,0.9228101
15,C,C,CCCTAAACCCTAACCCTAACCCTAACCCTAACCCTAACCCCAACCCCAACCCCAACCCCAACCCCAACCCCAACCCTAACCCCTAACCCTAACCCTAACCCTACCCTAACCCTAACCCTAACCC,0.9999997,0.9881084,0.8555306,22.184523,1.0,0.9872693,0.9159001
15,C,G,CCCTAAACCCTAACGCTAACCCTAACCCTAACCCTAACCCCAACCCCAACCCCAACCCCAACCCCAACCCCAACCCTAACCCCTAACCCTAACCCTAACCCTACCCTAACCCTAACCCTAACCC,0.99999785,0.9910167,0.91214305,22.184523,1.0,0.9854789,0.92595243
15,C,T,CCCTAAACCCTAACTCTAACCCTAACCCTAACCCTAACCCCAACCCCAACCCCAACCCCAACCCCAACCCCAACCCTAACCCCTAACCCTAACCCTAACCCTACCCTAACCCTAACCCTAACCC,0.9999996,0.9720846,0.8287108,22.184523,1.0,0.9700967,0.91544473
16,C,A,CCCTAAACCCTAACCATAACCCTAACCCTAACCCTAACCCCAACCCCAACCCCAACCCCAACCCCAACCCCAACCCTAACCCCTAACCCTAACCCTAACCCTACCCTAACCCTAACCCTAACCC,0.99999946,0.9768127,0.8535361,22.184523,1.0,0.97808737,0.9063195
16,C,C,CCCTAAACCCTAACCCTAACCCTAACCCTAACCCTAACCCCAACCCCAACCCCAACCCCAACCCCAACCCCAACCCTAACCCCTAACCCTAACCCTAACCCTACCCTAACCCTAACCCTAACCC,0.9999997,0.9881084,0.8555306,22.184523,1.0,0.9872693,0.9159001
16,C,G,CCCTAAACCCTAACCGTAACCCTAACCCTAACCCTAACCCCAACCCCAACCCCAACCCCAACCCCAACCCCAACCCTAACCCCTAACCCTAACCCTAACCCTACCCTAACCCTAACCCTAACCC,0.9999981,0.99008346,0.86257476,22.184523,1.0,0.9850483,0.9092357
16,C,T,CCCTAAACCCTAACCTTAACCCTAACCCTAACCCTAACCCCAACCCCAACCCCAACCCCAACCCCAACCCCAACCCTAACCCCTAACCCTAACCCTAACCCTACCCTAACCCTAACCCTAACCC,0.9999996,0.97412276,0.8432238,22.184523,1.0,0.97657925,0.9094843
17,T,A,CCCTAAACCCTAACCCAAACCCTAACCCTAACCCTAACCCCAACCCCAACCCCAACCCCAACCCCAACCCCAACCCTAACCCCTAACCCTAACCCTAACCCTACCCTAACCCTAACCCTAACCC,0.9999997,0.98757696,0.86112607,22.184523,1.0,0.9860064,0.9183847
17,T,C,CCCTAAACCCTAACCCCAACCCTAACCCTAACCCTAACCCCAACCCCAACCCCAACCCCAACCCCAACCCCAACCCTAACCCCTAACCCTAACCCTAACCCTACCCTAACCCTAACCCTAACCC,0.9999997,0.9881084,0.8555306,22.184523,1.0,0.9872693,0.9159001
17,T,G,CCCTAAACCCTAACCCGAACCCTAACCCTAACCCTAACCCCAACCCCAACCCCAACCCCAACCCCAACCCCAACCCTAACCCCTAACCCTAACCCTAACCCTACCCTAACCCTAACCCTAACCC,0.9999992,0.99532247,0.90897834,22.184523,1.0,0.9930831,0.9421138
17,T,T,CCCTAAACCCTAACCCTAACCCTAACCCTAACCCTAACCCCAACCCCAACCCCAACCCCAACCCCAACCCCAACCCTAACCCCTAACCCTAACCCTAACCCTACCCTAACCCTAACCCTAACCC,0.9999997,0.9881084,0.8555306,22.184523,1.0,0.9872693,0.9159001
18,A,A,CCCTAAACCCTAACCCTAACCCTAACCCTAACCCTAACCCCAACCCCAACCCCAACCCCAACCCCAACCCCAACCCTAACCCCTAACCCTAACCCTAACCCTACCCTAACCCTAACCCTAACCC,0.9999997,0.9881084,0.8555306,22.184523,1.0,0.9872693,0.9159001
18,A,C,CCCTAAACCCTAACCCTCACCCTAACCCTAACCCTAACCCCAACCCCAACCCCAACCCCAACCCCAACCCCAACCCTAACCCCTAACCCTAACCCTAACCCTACCCTAACCCTAACCCTAACCC,0.99999976,0.9921261,0.88753426,22.184523,1.0,0.99184257,0.9437388
18,A,G,CCCTAAACCCTAACCCTGACCCTAACCCTAACCCTAACCCCAACCCCAACCCCAACCCCAACCCCAACCCCAACCCTAACCCCTAACCCTAACCCTAACCCTACCCTAACCCTAACCCTAACCC,0.99999946,0.9846711,0.81743926,22.184523,1.0,0.98624456,0.89444035
18,A,T,CCCTAAACCCTAACCCTTACCCTAACCCTAACCCTAACCCCAACCCCAACCCCAACCCCAACCCCAACCCCAACCCTAACCCCTAACCCTAACCCTAACCCTACCCTAACCCTAACCCTAACCC,0.99999964,0.98412997,0.84767795,22.184523,1.0,0.9846066,0.9248513
19,A,A,CCCTAAACCCTAACCCTAACCCTAACCCTAACCCTAACCCCAACCCCAACCCCAACCCCAACCCCAACCCCAACCCTAACCCCTAACCCTAACCCTAACCCTACCCTAACCCTAACCCTAACCC,0.9999997,0.9881084,0.8555306,22.184523,1.0,0.9872693,0.9159001
19,A,C,CCCTAAACCCTAACCCTACCCCTAACCCTAACCCTAACCCCAACCCCAACCCCAACCCCAACCCCAACCCCAACCCTAACCCCTAACCCTAACCCTAACCCTACCCTAACCCTAACCCTAACCC,0.9999997,0.9897209,0.8757918,22.184523,1.0,0.9896616,0.9308596
19,A,G,CCCTAAACCCTAACCCTAGCCCTAACCCTAACCCTAACCCCAACCCCAACCCCAACCCCAACCCCAACCCCAACCCTAACCCCTAACCCTAACCCTAACCCTACCCTAACCCTAACCCTAACCC,0.99999946,0.9904468,0.86724466,22.184523,1.0,0.9871714,0.9143683
19,A,T,CCCTAAACCCTAACCCTATCCCTAACCCTAACCCTAACCCCAACCCCAACCCCAACCCCAACCCCAACCCCAACCCTAACCCCTAACCCTAACCCTAACCCTACCCTAACCCTAACCCTAACCC,0.99999964,0.9829523,0.8669203,22.184523,1.0,0.9876016,0.92613125
20,C,A,CCCTAAACCCTAACCCTAAACCTAACCCTAACCCTAACCCCAACCCCAACCCCAACCCCAACCCCAACCCCAACCCTAACCCCTAACCCTAACCCTAACCCTACCCTAACCCTAACCCTAACCC,0.9999996,0.98424226,0.8703273,22.184523,1.0,0.98013234,0.9207559
20,C,C,CCCTAAACCCTAACCCTAACCCTAACCCTAACCCTAACCCCAACCCCAACCCCAACCCCAACCCCAACCCCAACCCTAACCCCTAACCCTAACCCTAACCCTACCCTAACCCTAACCCTAACCC,0.9999997,0.9881084,0.8555306,22.184523,1.0,0.9872693,0.9159001
20,C,G,CCCTAAACCCTAACCCTAAGCCTAACCCTAACCCTAACCCCAACCCCAACCCCAACCCCAACCCCAACCCCAACCCTAACCCCTAACCCTAACCCTAACCCTACCCTAACCCTAACCCTAACCC,0.99999934,0.98450077,0.86302555,22.184523,1.0,0.98386484,0.9051023
20,C,T,CCCTAAACCCTAACCCTAATCCTAACCCTAACCCTAACCCCAACCCCAACCCCAACCCCAACCCCAACCCCAACCCTAACCCCTAACCCTAACCCTAACCCTACCCTAACCCTAACCCTAACCC,0.99999964,0.9780915,0.8671178,22.184523,1.0,0.9739059,0.9195894
21,C,A,CCCTAAACCCTAACCCTAACACTAACCCTAACCCTAACCCCAACCCCAACCCCAACCCCAACCCCAACCCCAACCCTAACCCCTAACCCTAACCCTAACCCTACCCTAACCCTAACCCTAACCC,0.9999995,0.97789127,0.8746833,22.184523,1.0,0.9786463,0.92662024
21,C,C,CCCTAAACCCTAACCCTAACCCTAACCCTAACCCTAACCCCAACCCCAACCCCAACCCCAACCCCAACCCCAACCCTAACCCCTAACCCTAACCCTAACCCTACCCTAACCCTAACCCTAACCC,0.9999997,0.9881084,0.8555306,22.184523,1.0,0.9872693,0.9159001
21,C,G,CCCTAAACCCTAACCCTAACGCTAACCCTAACCCTAACCCCAACCCCAACCCCAACCCCAACCCCAACCCCAACCCTAACCCCTAACCCTAACCCTAACCCTACCCTAACCCTAACCCTAACCC,0.99999803,0.99169827,0.9050245,22.184523,1.0,0.9876644,0.93177813
21,C,T,CCCTAAACCCTAACCCTAACTCTAACCCTAACCCTAACCCCAACCCCAACCCCAACCCCAACCCCAACCCCAACCCTAACCCCTAACCCTAACCCTAACCCTACCCTAACCCTAACCCTAACCC,0.9999996,0.9733163,0.83939767,22.184523,1.0,0.9737613,0.9159429
22,C,A,CCCTAAACCCTAACCCTAACCATAACCCTAACCCTAACCCCAACCCCAACCCCAACCCCAACCCCAACCCCAACCCTAACCCCTAACCCTAACCCTAACCCTACCCTAACCCTAACCCTAACCC,0.99999946,0.97690225,0.85666746,22.184523,1.0,0.97825015,0.9066272
22,C,C,CCCTAAACCCTAACCCTAACCCTAACCCTAACCCTAACCCCAACCCCAACCCCAACCCCAACCCCAACCCCAACCCTAACCCCTAACCCTAACCCTAACCCTACCCTAACCCTAACCCTAACCC,0.9999997,0.9881084,0.8555306,22.184523,1.0,0.9872693,0.9159001
22,C,G,CCCTAAACCCTAACCCTAACCGTAACCCTAACCCTAACCCCAACCCCAACCCCAACCCCAACCCCAACCCCAACCCTAACCCCTAACCCTAACCCTAACCCTACCCTAACCCTAACCCTAACCC,0.9999981,0.99010533,0.8662776,22.184523,1.0,0.98543316,0.91034365
22,C,T,CCCTAAACCCTAACCCTAACCTTAACCCTAACCCTAACCCCAACCCCAACCCCAACCCCAACCCCAACCCCAACCCTAACCCCTAACCCTAACCCTAACCCTACCCTAACCCTAACCCTAACCC,0.9999996,0.97548646,0.8456407,22.184523,1.0,0.97668314,0.91092265
23,T,A,CCCTAAACCCTAACCCTAACCCAAACCCTAACCCTAACCCCAACCCCAACCCCAACCCCAACCCCAACCCCAACCCTAACCCCTAACCCTAACCCTAACCCTACCCTAACCCTAACCCTAACCC,0.9999997,0.98757696,0.86112607,22.184523,1.0,0.9860064,0.9183847
23,T,C,CCCTAAACCCTAACCCTAACCCCAACCCTAACCCTAACCCCAACCCCAACCCCAACCCCAACCCCAACCCCAACCCTAACCCCTAACCCTAACCCTAACCCTACCCTAACCCTAACCCTAACCC,0.9999997,0.9881084,0.8555306,22.184523,1.0,0.9872693,0.9159001
23,T,G,CCCTAAACCCTAACCCTAACCCGAACCCTAACCCTAACCCCAACCCCAACCCCAACCCCAACCCCAACCCCAACCCTAACCCCTAACCCTAACCCTAACCCTACCCTAACCCTAACCCTAACCC,0.9999992,0.99532247,0.90897834,22.184523,1.0,0.9930831,0.9421138
23,T,T,CCCTAAACCCTAACCCTAACCCTAACCCTAACCCTAACCCCAACCCCAACCCCAACCCCAACCCCAACCCCAACCCTAACCCCTAACCCTAACCCTAACCCTACCCTAACCCTAACCCTAACCC,0.9999997,0.9881084,0.8555306,22.184523,1.0,0.9872693,0.9159001
24,A,A,CCCTAAACCCTAACCCTAACCCTAACCCTAACCCTAACCCCAACCCCAACCCCAACCCCAACCCCAACCCCAACCCTAACCCCTAACCCTAACCCTAACCCTACCCTAACCCTAACCCTAACCC,0.9999997,0.9881084,0.8555306,22.184523,1.0,0.9872693,0.9159001
24,A,C,CCCTAAACCCTAACCCTAACCCTCACCCTAACCCTAACCCCAACCCCAACCCCAACCCCAACCCCAACCCCAACCCTAACCCCTAACCCTAACCCTAACCCTACCCTAACCCTAACCCTAACCC,0.99999976,0.9921261,0.88753426,22.184523,1.0,0.99184257,0.9437388
24,A,G,CCCTAAACCCTAACCCTAACCCTGACCCTAACCCTAACCCCAACCCCAACCCCAACCCCAACCCCAACCCCAACCCTAACCCCTAACCCTAACCCTAACCCTACCCTAACCCTAACCCTAACCC,0.99999946,0.9846711,0.81743926,22.184523,1.0,0.98624456,0.89444035
24,A,T,CCCTAAACCCTAACCCTAACCCTTACCCTAACCCTAACCCCAACCCCAACCCCAACCCCAACCCCAACCCCAACCCTAACCCCTAACCCTAACCCTAACCCTACCCTAACCCTAACCCTAACCC,0.99999964,0.98412997,0.84767795,22.184523,1.0,0.9846066,0.9248513
25,A,A,CCCTAAACCCTAACCCTAACCCTAACCCTAACCCTAACCCCAACCCCAACCCCAACCCCAACCCCAACCCCAACCCTAACCCCTAACCCTAACCCTAACCCTACCCTAACCCTAACCCTAACCC,0.9999997,0.9881084,0.8555306,22.184523,1.0,0.9872693,0.9159001
25,A,C,CCCTAAACCCTAACCCTAACCCTACCCCTAACCCTAACCCCAACCCCAACCCCAACCCCAACCCCAACCCCAACCCTAACCCCTAACCCTAACCCTAACCCTACCCTAACCCTAACCCTAACCC,0.9999997,0.9897209,0.8757918,22.184523,1.0,0.9896616,0.9308596
25,A,G,CCCTAAACCCTAACCCTAACCCTAGCCCTAACCCTAACCCCAACCCCAACCCCAACCCCAACCCCAACCCCAACCCTAACCCCTAACCCTAACCCTAACCCTACCCTAACCCTAACCCTAACCC,0.99999946,0.9904468,0.86724466,22.184523,1.0,0.9871714,0.9143683
25,A,T,CCCTAAACCCTAACCCTAACCCTATCCCTAACCCTAACCCCAACCCCAACCCCAACCCCAACCCCAACCCCAACCCTAACCCCTAACCCTAACCCTAACCCTACCCTAACCCTAACCCTAACCC,0.99999964,0.9829523,0.8669203,22.184523,1.0,0.9876016,0.92613125
26,C,A,CCCTAAACCCTAACCCTAACCCTAAACCTAACCCTAACCCCAACCCCAACCCCAACCCCAACCCCAACCCCAACCCTAACCCCTAACCCTAACCCTAACCCTACCCTAACCCTAACCCTAACCC,0.9999996,0.98424226,0.8703273,22.184523,1.0,0.98013234,0.9207559
26,C,C,CCCTAAACCCTAACCCTAACCCTAACCCTAACCCTAACCCCAACCCCAACCCCAACCCCAACCCCAACCCCAACCCTAACCCCTAACCCTAACCCTAACCCTACCCTAACCCTAACCCTAACCC,0.9999997,0.9881084,0.8555306,22.184523,1.0,0.9872693,0.9159001
26,C,G,CCCTAAACCCTAACCCTAACCCTAAGCCTAACCCTAACCCCAACCCCAACCCCAACCCCAACCCCAACCCCAACCCTAACCCCTAACCCTAACCCTAACCCTACCCTAACCCTAACCCTAACCC,0.99999934,0.98450077,0.86302555,22.184523,1.0,0.98386484,0.9051023
26,C,T,CCCTAAACCCTAACCCTAACCCTAATCCTAACCCTAACCCCAACCCCAACCCCAACCCCAACCCCAACCCCAACCCTAACCCCTAACCCTAACCCTAACCCTACCCTAACCCTAACCCTAACCC,0.99999964,0.9780915,0.8671178,22.184523,1.0,0.9739059,0.9195894
27,C,A,CCCTAAACCCTAACCCTAACCCTAACACTAACCCTAACCCCAACCCCAACCCCAACCCCAACCCCAACCCCAACCCTAACCCCTAACCCTAACCCTAACCCTACCCTAACCCTAACCCTAACCC,0.9999995,0.97789127,0.8746833,22.184523,1.0,0.9786463,0.92662024
27,C,C,CCCTAAACCCTAACCCTAACCCTAACCCTAACCCTAACCCCAACCCCAACCCCAACCCCAACCCCAACCCCAACCCTAACCCCTAACCCTAACCCTAACCCTACCCTAACCCTAACCCTAACCC,0.9999997,0.9881084,0.8555306,22.184523,1.0,0.9872693,0.9159001
27,C,G,CCCTAAACCCTAACCCTAACCCTAACGCTAACCCTAACCCCAACCCCAACCCCAACCCCAACCCCAACCCCAACCCTAACCCCTAACCCTAACCCTAACCCTACCCTAACCCTAACCCTAACCC,0.99999803,0.99169827,0.9050245,22.184523,1.0,0.9876644,0.93177813
27,C,T,CCCTAAACCCTAACCCTAACCCTAACTCTAACCCTAACCCCAACCCCAACCCCAACCCCAACCCCAACCCCAACCCTAACCCCTAACCCTAACCCTAACCCTACCCTAACCCTAACCCTAACCC,0.9999996,0.9733163,0.83939767,22.184523,1.0,0.9737613,0.9159429
28,C,A,CCCTAAACCCTAACCCTAACCCTAACCATAACCCTAACCCCAACCCCAACCCCAACCCCAACCCCAACCCCAACCCTAACCCCTAACCCTAACCCTAACCCTACCCTAACCCTAACCCTAACCC,0.99999946,0.97690225,0.85666746,22.184523,1.0,0.97825015,0.9066272
28,C,C,CCCTAAACCCTAACCCTAACCCTAACCCTAACCCTAACCCCAACCCCAACCCCAACCCCAACCCCAACCCCAACCCTAACCCCTAACCCTAACCCTAACCCTACCCTAACCCTAACCCTAACCC,0.9999997,0.9881084,0.8555306,22.184523,1.0,0.9872693,0.9159001
28,C,G,CCCTAAACCCTAACCCTAACCCTAACCGTAACCCTAACCCCAACCCCAACCCCAACCCCAACCCCAACCCCAACCCTAACCCCTAACCCTAACCCTAACCCTACCCTAACCCTAACCCTAACCC,0.9999981,0.99010533,0.8662776,22.184523,1.0,0.98543316,0.91034365
28,C,T,CCCTAAACCCTAACCCTAACCCTAACCTTAACCCTAACCCCAACCCCAACCCCAACCCCAACCCCAACCCCAACCCTAACCCCTAACCCTAACCCTAACCCTACCCTAACCCTAACCCTAACCC,0.9999996,0.97548646,0.8456407,22.184523,1.0,0.97668314,0.91092265
29,T,A,CCCTAAACCCTAACCCTAACCCTAACCCAAACCCTAACCCCAACCCCAACCCCAACCCCAACCCCAACCCCAACCCTAACCCCTAACCCTAACCCTAACCCTACCCTAACCCTAACCCTAACCC,0.9999997,0.98757696,0.86112607,22.184523,1.0,0.9860064,0.9183847
29,T,C,CCCTAAACCCTAACCCTAACCCTAACCCCAACCCTAACCCCAACCCCAACCCCAACCCCAACCCCAACCCCAACCCTAACCCCTAACCCTAACCCTAACCCTACCCTAACCCTAACCCTAACCC,0.9999997,0.9881084,0.8555306,22.184523,1.0,0.9872693,0.9159001
29,T,G,CCCTAAACCCTAACCCTAACCCTAACCCGAACCCTAACCCCAACCCCAACCCCAACCCCAACCCCAACCCCAACCCTAACCCCTAACCCTAACCCTAACCCTACCCTAACCCTAACCCTAACCC,0.9999992,0.99532247,0.90897834,22.184523,1.0,0.9930831,0.9421138
29,T,T,CCCTAAACCCTAACCCTAACCCTAACCCTAACCCTAACCCCAACCCCAACCCCAACCCCAACCCCAACCCCAACCCTAACCCCTAACCCTAACCCTAACCCTACCCTAACCCTAACCCTAACCC,0.9999997,0.9881084,0.8555306,22.184523,1.0,0.9872693,0.9159001
30,A,A,CCCTAAACCCTAACCCTAACCCTAACCCTAACCCTAACCCCAACCCCAACCCCAACCCCAACCCCAACCCCAACCCTAACCCCTAACCCTAACCCTAACCCTACCCTAACCCTAACCCTAACCC,0.9999997,0.9881084,0.8555306,22.184523,1.0,0.9872693,0.9159001
30,A,C,CCCTAAACCCTAACCCTAACCCTAACCCTCACCCTAACCCCAACCCCAACCCCAACCCCAACCCCAACCCCAACCCTAACCCCTAACCCTAACCCTAACCCTACCCTAACCCTAACCCTAACCC,0.9999998,0.9923055,0.8883011,22.184523,1.0,0.99215174,0.9429906
30,A,G,CCCTAAACCCTAACCCTAACCCTAACCCTGACCCTAACCCCAACCCCAACCCCAACCCCAACCCCAACCCCAACCCTAACCCCTAACCCTAACCCTAACCCTACCCTAACCCTAACCCTAACCC,0.9999995,0.98470616,0.816117,22.184523,1.0,0.98624104,0.8953467
30,A,T,CCCTAAACCCTAACCCTAACCCTAACCCTTACCCTAACCCCAACCCCAACCCCAACCCCAACCCCAACCCCAACCCTAACCCCTAACCCTAACCCTAACCCTACCCTAACCCTAACCCTAACCC,0.99999964,0.98432463,0.8491987,22.184523,1.0,0.98469216,0.9241322
31,A,A,CCCTAAACCCTAACCCTAACCCTAACCCTAACCCTAACCCCAACCCCAACCCCAACCCCAACCCCAACCCCAACCCTAACCCCTAACCCTAACCCTAACCCTACCCTAACCCTAACCCTAACCC,0.9999997,0.9881084,0.8555306,22.184523,1.0,0.9872693,0.9159001
31,A,C,CCCTAAACCCTAACCCTAACCCTAACCCTACCCCTAACCCCAACCCCAACCCCAACCCCAACCCCAACCCCAACCCTAACCCCTAACCCTAACCCTAACCCTACCCTAACCCTAACCCTAACCC,0.99999976,0.99001575,0.87438405,22.184523,1.0,0.9900442,0.93037134
31,A,G,CCCTAAACCCTAACCCTAACCCTAACCCTAGCCCTAACCCCAACCCCAACCCCAACCCCAACCCCAACCCCAACCCTAACCCCTAACCCTAACCCTAACCCTACCCTAACCCTAACCCTAACCC,0.99999946,0.99098253,0.8634405,22.184523,1.0,0.98798335,0.9103475
31,A,T,CCCTAAACCCTAACCCTAACCCTAACCCTATCCCTAACCCCAACCCCAACCCCAACCCCAACCCCAACCCCAACCCTAACCCCTAACCCTAACCCTAACCCTACCCTAACCCTAACCCTAACCC,0.99999964,0.98465276,0.8673699,22.184523,1.0,0.9881453,0.92370415
32,C,A,CCCTAAACCCTAACCCTAACCCTAACCCTAAACCTAACCCCAACCCCAACCCCAACCCCAACCCCAACCCCAACCCTAACCCCTAACCCTAACCCTAACCCTACCCTAACCCTAACCCTAACCC,0.99999964,0.98568267,0.8741922,22.184523,1.0,0.9822956,0.92018884
32,C,C,CCCTAAACCCTAACCCTAACCCTAACCCTAACCCTAACCCCAACCCCAACCCCAACCCCAACCCCAACCCCAACCCTAACCCCTAACCCTAACCCTAACCCTACCCTAACCCTAACCCTAACCC,0.9999997,0.9881084,0.8555306,22.184523,1.0,0.9872693,0.9159001
32,C,G,CCCTAAACCCTAACCCTAACCCTAACCCTAAGCCTAACCCCAACCCCAACCCCAACCCCAACCCCAACCCCAACCCTAACCCCTAACCCTAACCCTAACCCTACCCTAACCCTAACCCTAACCC,0.9999994,0.9851542,0.87156343,22.184523,1.0,0.9842089,0.90069807
32,C,T,CCCTAAACCCTAACCCTAACCCTAACCCTAATCCTAACCCCAACCCCAACCCCAACCCCAACCCCAACCCCAACCCTAACCCCTAACCCTAACCCTAACCCTACCCTAACCCTAACCCTAACCC,0.99999964,0.9802164,0.8701075,22.184523,1.0,0.9757356,0.9192302
33,C,A,CCCTAAACCCTAACCCTAACCCTAACCCTAACACTAACCCCAACCCCAACCCCAACCCCAACCCCAACCCCAACCCTAACCCCTAACCCTAACCCTAACCCTACCCTAACCCTAACCCTAACCC,0.9999996,0.9793254,0.8662092,22.184523,1.0,0.9808799,0.9224584
33,C,C,CCCTAAACCCTAACCCTAACCCTAACCCTAACCCTAACCCCAACCCCAACCCCAACCCCAACCCCAACCCCAACCCTAACCCCTAACCCTAACCCTAACCCTACCCTAACCCTAACCCTAACCC,0.9999997,0.9881084,0.8555306,22.184523,1.0,0.9872693,0.9159001
33,C,G,CCCTAAACCCTAACCCTAACCCTAACCCTAACGCTAACCCCAACCCCAACCCCAACCCCAACCCCAACCCCAACCCTAACCCCTAACCCTAACCCTAACCCTACCCTAACCCTAACCCTAACCC,0.9999984,0.99245507,0.9058141,22.184523,1.0,0.988837,0.92910343
33,C,T,CCCTAAACCCTAACCCTAACCCTAACCCTAACTCTAACCCCAACCCCAACCCCAACCCCAACCCCAACCCCAACCCTAACCCCTAACCCTAACCCTAACCCTACCCTAACCCTAACCCTAACCC,0.99999964,0.9783968,0.8346159,22.184523,1.0,0.97852415,0.9103277
34,C,A,CCCTAAACCCTAACCCTAACCCTAACCCTAACCATAACCCCAACCCCAACCCCAACCCCAACCCCAACCCCAACCCTAACCCCTAACCCTAACCCTAACCCTACCCTAACCCTAACCCTAACCC,0.9999996,0.9770398,0.8566691,22.184523,1.0,0.98190975,0.9117006
34,C,C,CCCTAAACCCTAACCCTAACCCTAACCCTAACCCTAACCCCAACCCCAACCCCAACCCCAACCCCAACCCCAACCCTAACCCCTAACCCTAACCCTAACCCTACCCTAACCCTAACCCTAACCC,0.9999997,0.9881084,0.8555306,22.184523,1.0,0.9872693,0.9159001
34,C,G,CCCTAAACCCTAACCCTAACCCTAACCCTAACCGTAACCCCAACCCCAACCCCAACCCCAACCCCAACCCCAACCCTAACCCCTAACCCTAACCCTAACCCTACCCTAACCCTAACCCTAACCC,0.9999985,0.991018,0.8585137,22.184523,1.0,0.98562336,0.9113775
34,C,T,CCCTAAACCCTAACCCTAACCCTAACCCTAACCTTAACCCCAACCCCAACCCCAACCCCAACCCCAACCCCAACCCTAACCCCTAACCCTAACCCTAACCCTACCCTAACCCTAACCCTAACCC,0.9999996,0.9760104,0.84122086,22.184523,1.0,0.9789863,0.91128117
35,T,A,CCCTAAACCCTAACCCTAACCCTAACCCTAACCCAAACCCCAACCCCAACCCCAACCCCAACCCCAACCCCAACCCTAACCCCTAACCCTAACCCTAACCCTACCCTAACCCTAACCCTAACCC,0.99999976,0.98794264,0.8504613,22.184523,1.0,0.9864711,0.90571994
35,T,C,CCCTAAACCCTAACCCTAACCCTAACCCTAACCCCAACCCCAACCCCAACCCCAACCCCAACCCCAACCCCAACCCTAACCCCTAACCCTAACCCTAACCCTACCCTAACCCTAACCCTAACCC,0.9999997,0.9881084,0.8555306,22.184523,1.0,0.9872693,0.9159001
35,T,G,CCCTAAACCCTAACCCTAACCCTAACCCTAACCCGAACCCCAACCCCAACCCCAACCCCAACCCCAACCCCAACCCTAACCCCTAACCCTAACCCTAACCCTACCCTAACCCTAACCCTAACCC,0.99999934,0.99489266,0.86142653,22.184523,1.0,0.9932785,0.9089825
35,T,T,CCCTAAACCCTAACCCTAACCCTAACCCTAACCCTAACCCCAACCCCAACCCCAACCCCAACCCCAACCCCAACCCTAACCCCTAACCCTAACCCTAACCCTACCCTAACCCTAACCCTAACCC,0.9999997,0.9881084,0.8555306,22.184523,1.0,0.9872693,0.9159001
36,A,A,CCCTAAACCCTAACCCTAACCCTAACCCTAACCCTAACCCCAACCCCAACCCCAACCCCAACCCCAACCCCAACCCTAACCCCTAACCCTAACCCTAACCCTACCCTAACCCTAACCCTAACCC,0.9999997,0.9881084,0.8555306,22.184523,1.0,0.9872693,0.9159001
36,A,C,CCCTAAACCCTAACCCTAACCCTAACCCTAACCCTCACCCCAACCCCAACCCCAACCCCAACCCCAACCCCAACCCTAACCCCTAACCCTAACCCTAACCCTACCCTAACCCTAACCCTAACCC,0.9999998,0.99283344,0.86439884,22.61161,1.0,0.99284804,0.9239471
36,A,G,CCCTAAACCCTAACCCTAACCCTAACCCTAACCCTGACCCCAACCCCAACCCCAACCCCAACCCCAACCCCAACCCTAACCCCTAACCCTAACCCTAACCCTACCCTAACCCTAACCCTAACCC,0.99999964,0.9874125,0.792232,22.184523,1.0,0.9878005,0.8826862
36,A,T,CCCTAAACCCTAACCCTAACCCTAACCCTAACCCTTACCCCAACCCCAACCCCAACCCCAACCCCAACCCCAACCCTAACCCCTAACCCTAACCCTAACCCTACCCTAACCCTAACCCTAACCC,0.9999997,0.98597336,0.8315826,22.184523,1.0,0.9871324,0.9147739
37,A,A,CCCTAAACCCTAACCCTAACCCTAACCCTAACCCTAACCCCAACCCCAACCCCAACCCCAACCCCAACCCCAACCCTAACCCCTAACCCTAACCCTAACCCTACCCTAACCCTAACCCTAACCC,0.9999997,0.9881084,0.8555306,22.184523,1.0,0.9872693,0.9159001
37,A,C,CCCTAAACCCTAACCCTAACCCTAACCCTAACCCTACCCCCAACCCCAACCCCAACCCCAACCCCAACCCCAACCCTAACCCCTAACCCTAACCCTAACCCTACCCTAACCCTAACCCTAACCC,0.99999976,0.99199444,0.84493375,24.112719,1.0,0.99091065,0.9105116
37,A,G,CCCTAAACCCTAACCCTAACCCTAACCCTAACCCTAGCCCCAACCCCAACCCCAACCCCAACCCCAACCCCAACCCTAACCCCTAACCCTAACCCTAACCCTACCCTAACCCTAACCCTAACCC,0.9999996,0.99363464,0.8595797,22.184523,1.0,0.99074703,0.91172177
37,A,T,CCCTAAACCCTAACCCTAACCCTAACCCTAACCCTATCCCCAACCCCAACCCCAACCCCAACCCCAACCCCAACCCTAACCCCTAACCCTAACCCTAACCCTACCCTAACCCTAACCCTAACCC,0.9999997,0.9876732,0.8578496,22.184523,1.0,0.9908268,0.9107913
38,C,A,CCCTAAACCCTAACCCTAACCCTAACCCTAACCCTAAACCCAACCCCAACCCCAACCCCAACCCCAACCCCAACCCTAACCCCTAACCCTAACCCTAACCCTACCCTAACCCTAACCCTAACCC,0.9999997,0.98839295,0.86641335,22.184523,1.0,0.98688567,0.9136873
38,C,C,CCCTAAACCCTAACCCTAACCCTAACCCTAACCCTAACCCCAACCCCAACCCCAACCCCAACCCCAACCCCAACCCTAACCCCTAACCCTAACCCTAACCCTACCCTAACCCTAACCCTAACCC,0.9999997,0.9881084,0.8555306,22.184523,1.0,0.9872693,0.9159001
38,C,G,CCCTAAACCCTAACCCTAACCCTAACCCTAACCCTAAGCCCAACCCCAACCCCAACCCCAACCCCAACCCCAACCCTAACCCCTAACCCTAACCCTAACCCTACCCTAACCCTAACCCTAACCC,0.99999964,0.9891096,0.86774653,22.184523,1.0,0.98953307,0.89856803
38,C,T,CCCTAAACCCTAACCCTAACCCTAACCCTAACCCTAATCCCAACCCCAACCCCAACCCCAACCCCAACCCCAACCCTAACCCCTAACCCTAACCCTAACCCTACCCTAACCCTAACCCTAACCC,0.9999997,0.9834263,0.87215555,22.184523,1.0,0.98180157,0.9122786
39,C,A,CCCTAAACCCTAACCCTAACCCTAACCCTAACCCTAACACCAACCCCAACCCCAACCCCAACCCCAACCCCAACCCTAACCCCTAACCCTAACCCTAACCCTACCCTAACCCTAACCCTAACCC,0.99999964,0.98369956,0.8592891,22.184523,1.0,0.9859164,0.91911894
39,C,C,CCCTAAACCCTAACCCTAACCCTAACCCTAACCCTAACCCCAACCCCAACCCCAACCCCAACCCCAACCCCAACCCTAACCCCTAACCCTAACCCTAACCCTACCCTAACCCTAACCCTAACCC,0.9999997,0.9881084,0.8555306,22.184523,1.0,0.9872693,0.9159001
39,C,G,CCCTAAACCCTAACCCTAACCCTAACCCTAACCCTAACGCCAACCCCAACCCCAACCCCAACCCCAACCCCAACCCTAACCCCTAACCCTAACCCTAACCCTACCCTAACCCTAACCCTAACCC,0.9999992,0.9950025,0.90517443,22.184523,1.0,0.9910195,0.92709637
39,C,T,CCCTAAACCCTAACCCTAACCCTAACCCTAACCCTAACTCCAACCCCAACCCCAACCCCAACCCCAACCCCAACCCTAACCCCTAACCCTAACCCTAACCCTACCCTAACCCTAACCCTAACCC,0.9999998,0.9860056,0.8618422,22.184523,1.0,0.9856137,0.92127806
40,C,A,CCCTAAACCCTAACCCTAACCCTAACCCTAACCCTAACCACAACCCCAACCCCAACCCCAACCCCAACCCCAACCCTAACCCCTAACCCTAACCCTAACCCTACCCTAACCCTAACCCTAACCC,0.99999976,0.98728627,0.88144636,22.184523,1.0,0.98993146,0.909844
40,C,C,CCCTAAACCCTAACCCTAACCCTAACCCTAACCCTAACCCCAACCCCAACCCCAACCCCAACCCCAACCCCAACCCTAACCCCTAACCCTAACCCTAACCCTACCCTAACCCTAACCCTAACCC,0.9999997,0.9881084,0.8555306,22.184523,1.0,0.9872693,0.9159001
40,C,G,CCCTAAACCCTAACCCTAACCCTAACCCTAACCCTAACCGCAACCCCAACCCCAACCCCAACCCCAACCCCAACCCTAACCCCTAACCCTAACCCTAACCCTACCCTAACCCTAACCCTAACCC,0.9999992,0.9943113,0.85975623,22.184523,1.0,0.99262935,0.9071272
40,C,T,CCCTAAACCCTAACCCTAACCCTAACCCTAACCCTAACCTCAACCCCAACCCCAACCCCAACCCCAACCCCAACCCTAACCCCTAACCCTAACCCTAACCCTACCCTAACCCTAACCCTAACCC,0.99999976,0.9852076,0.8438383,22.184523,1.0,0.98687035,0.90999424
41,C,A,CCCTAAACCCTAACCCTAACCCTAACCCTAACCCTAACCCAAACCCCAACCCCAACCCCAACCCCAACCCCAACCCTAACCCCTAACCCTAACCCTAACCCTACCCTAACCCTAACCCTAACCC,0.99999976,0.98794264,0.8504613,22.184523,1.0,0.9864711,0.90571994
41,C,C,CCCTAAACCCTAACCCTAACCCTAACCCTAACCCTAACCCCAACCCCAACCCCAACCCCAACCCCAACCCCAACCCTAACCCCTAACCCTAACCCTAACCCTACCCTAACCCTAACCCTAACCC,0.9999997,0.9881084,0.8555306,22.184523,1.0,0.9872693,0.9159001
41,C,G,CCCTAAACCCTAACCCTAACCCTAACCCTAACCCTAACCCGAACCCCAACCCCAACCCCAACCCCAACCCCAACCCTAACCCCTAACCCTAACCCTAACCCTACCCTAACCCTAACCCTAACCC,0.99999934,0.99489266,0.86142653,22.184523,1.0,0.9932785,0.9089825
41,C,T,CCCTAAACCCTAACCCTAACCCTAACCCTAACCCTAACCCTAACCCCAACCCCAACCCCAACCCCAACCCCAACCCTAACCCCTAACCCTAACCCTAACCCTACCCTAACCCTAACCCTAACCC,0.9999997,0.9881084,0.8555306,22.184523,1.0,0.9872693,0.9159001
42,A,A,CCCTAAACCCTAACCCTAACCCTAACCCTAACCCTAACCCCAACCCCAACCCCAACCCCAACCCCAACCCCAACCCTAACCCCTAACCCTAACCCTAACCCTACCCTAACCCTAACCCTAACCC,0.9999997,0.9881084,0.8555306,22.184523,1.0,0.9872693,0.9159001
42,A,C,CCCTAAACCCTAACCCTAACCCTAACCCTAACCCTAACCCCCACCCCAACCCCAACCCCAACCCCAACCCCAACCCTAACCCCTAACCCTAACCCTAACCCTACCCTAACCCTAACCCTAACCC,0.9999998,0.99364203,0.84773606,25.415817,1.0,0.9936815,0.9241545
42,A,G,CCCTAAACCCTAACCCTAACCCTAACCCTAACCCTAACCCCGACCCCAACCCCAACCCCAACCCCAACCCCAACCCTAACCCCTAACCCTAACCCTAACCCTACCCTAACCCTAACCCTAACCC,0.9999996,0.9969338,0.9018749,22.184523,1.0,0.99391323,0.9444381
42,A,T,CCCTAAACCCTAACCCTAACCCTAACCCTAACCCTAACCCCTACCCCAACCCCAACCCCAACCCCAACCCCAACCCTAACCCCTAACCCTAACCCTAACCCTACCCTAACCCTAACCCTAACCC,0.9999997,0.990291,0.8434953,22.82495,1.0,0.9897203,0.91512495
43,A,A,CCCTAAACCCTAACCCTAACCCTAACCCTAACCCTAACCCCAACCCCAACCCCAACCCCAACCCCAACCCCAACCCTAACCCCTAACCCTAACCCTAACCCTACCCTAACCCTAACCCTAACCC,0.9999997,0.9881084,0.8555306,22.184523,1.0,0.9872693,0.9159001
43,A,C,CCCTAAACCCTAACCCTAACCCTAACCCTAACCCTAACCCCACCCCCAACCCCAACCCCAACCCCAACCCCAACCCTAACCCCTAACCCTAACCCTAACCCTACCCTAACCCTAACCCTAACCC,0.9999998,0.99382,0.89351743,25.761076,1.0,0.994419,0.9362505
43,A,G,CCCTAAACCCTAACCCTAACCCTAACCCTAACCCTAACCCCAGCCCCAACCCCAACCCCAACCCCAACCCCAACCCTAACCCCTAACCCTAACCCTAACCCTACCCTAACCCTAACCCTAACCC,0.9999998,0.9952824,0.876438,22.184523,1.0,0.9936224,0.9206437
43,A,T,CCCTAAACCCTAACCCTAACCCTAACCCTAACCCTAACCCCATCCCCAACCCCAACCCCAACCCCAACCCCAACCCTAACCCCTAACCCTAACCCTAACCCTACCCTAACCCTAACCCTAACCC,0.99999976,0.98754066,0.8646559,23.532864,1.0,0.9891644,0.9046255
44,C,A,CCCTAAACCCTAACCCTAACCCTAACCCTAACCCTAACCCCAAACCCAACCCCAACCCCAACCCCAACCCCAACCCTAACCCCTAACCCTAACCCTAACCCTACCCTAACCCTAACCCTAACCC,0.99999976,0.9881262,0.8576687,22.184523,1.0,0.98746985,0.90796417
44,C,C,CCCTAAACCCTAACCCTAACCCTAACCCTAACCCTAACCCCAACCCCAACCCCAACCCCAACCCCAACCCCAACCCTAACCCCTAACCCTAACCCTAACCCTACCCTAACCCTAACCCTAACCC,0.9999997,0.9881084,0.8555306,22.184523,1.0,0.9872693,0.9159001
44,C,G,CCCTAAACCCTAACCCTAACCCTAACCCTAACCCTAACCCCAAGCCCAACCCCAACCCCAACCCCAACCCCAACCCTAACCCCTAACCCTAACCCTAACCCTACCCTAACCCTAACCCTAACCC,0.99999976,0.99169767,0.862181,22.184523,1.0,0.9914281,0.8999241
44,C,T,CCCTAAACCCTAACCCTAACCCTAACCCTAACCCTAACCCCAATCCCAACCCCAACCCCAACCCCAACCCCAACCCTAACCCCTAACCCTAACCCTAACCCTACCCTAACCCTAACCCTAACCC,0.99999976,0.98710155,0.8670992,22.184523,1.0,0.9879359,0.9074609
45,C,A,CCCTAAACCCTAACCCTAACCCTAACCCTAACCCTAACCCCAACACCAACCCCAACCCCAACCCCAACCCCAACCCTAACCCCTAACCCTAACCCTAACCCTACCCTAACCCTAACCCTAACCC,0.99999976,0.9890136,0.8528753,22.184523,1.0,0.9885385,0.90878123
45,C,C,CCCTAAACCCTAACCCTAACCCTAACCCTAACCCTAACCCCAACCCCAACCCCAACCCCAACCCCAACCCCAACCCTAACCCCTAACCCTAACCCTAACCCTACCCTAACCCTAACCCTAACCC,0.9999997,0.9881084,0.8555306,22.184523,1.0,0.9872693,0.9159001
45,C,G,CCCTAAACCCTAACCCTAACCCTAACCCTAACCCTAACCCCAACGCCAACCCCAACCCCAACCCCAACCCCAACCCTAACCCCTAACCCTAACCCTAACCCTACCCTAACCCTAACCCTAACCC,0.9999995,0.99490935,0.8719109,22.184523,1.0,0.99289864,0.90524596
45,C,T,CCCTAAACCCTAACCCTAACCCTAACCCTAACCCTAACCCCAACTCCAACCCCAACCCCAACCCCAACCCCAACCCTAACCCCTAACCCTAACCCTAACCCTACCCTAACCCTAACCCTAACCC,0.9999998,0.9880454,0.8433628,22.184523,1.0,0.98888683,0.9084099
46,C,A,CCCTAAACCCTAACCCTAACCCTAACCCTAACCCTAACCCCAACCACAACCCCAACCCCAACCCCAACCCCAACCCTAACCCCTAACCCTAACCCTAACCCTACCCTAACCCTAACCCTAACCC,0.99999976,0.9899029,0.8767936,22.184523,1.0,0.99036825,0.9117845
46,C,C,CCCTAAACCCTAACCCTAACCCTAACCCTAACCCTAACCCCAACCCCAACCCCAACCCCAACCCCAACCCCAACCCTAACCCCTAACCCTAACCCTAACCCTACCCTAACCCTAACCCTAACCC,0.9999997,0.9881084,0.8555306,22.184523,1.0,0.9872693,0.9159001
46,C,G,CCCTAAACCCTAACCCTAACCCTAACCCTAACCCTAACCCCAACCGCAACCCCAACCCCAACCCCAACCCCAACCCTAACCCCTAACCCTAACCCTAACCCTACCCTAACCCTAACCCTAACCC,0.9999995,0.99613,0.8752923,22.184523,1.0,0.995013,0.92599404
46,C,T,CCCTAAACCCTAACCCTAACCCTAACCCTAACCCTAACCCCAACCTCAACCCCAACCCCAACCCCAACCCCAACCCTAACCCCTAACCCTAACCCTAACCCTACCCTAACCCTAACCCTAACCC,0.99999976,0.98806137,0.8394191,22.184523,1.0,0.9885184,0.9137619
47,C,A,CCCTAAACCCTAACCCTAACCCTAACCCTAACCCTAACCCCAACCCAAACCCCAACCCCAACCCCAACCCCAACCCTAACCCCTAACCCTAACCCTAACCCTACCCTAACCCTAACCCTAACCC,0.99999976,0.98946553,0.8583317,22.184523,1.0,0.988997,0.9178934
47,C,C,CCCTAAACCCTAACCCTAACCCTAACCCTAACCCTAACCCCAACCCCAACCCCAACCCCAACCCCAACCCCAACCCTAACCCCTAACCCTAACCCTAACCCTACCCTAACCCTAACCCTAACCC,0.9999997,0.9881084,0.8555306,22.184523,1.0,0.9872693,0.9159001
47,C,G,CCCTAAACCCTAACCCTAACCCTAACCCTAACCCTAACCCCAACCCGAACCCCAACCCCAACCCCAACCCCAACCCTAACCCCTAACCCTAACCCTAACCCTACCCTAACCCTAACCCTAACCC,0.9999995,0.99578744,0.8505853,22.184523,1.0,0.994054,0.9141332
47,C,T,CCCTAAACCCTAACCCTAACCCTAACCCTAACCCTAACCCCAACCCTAACCCCAACCCCAACCCCAACCCCAACCCTAACCCCTAACCCTAACCCTAACCCTACCCTAACCCTAACCCTAACCC,0.9999997,0.9881084,0.8555306,22.184523,1.0,0.9872693,0.9159001
48,A,A,CCCTAAACCCTAACCCTAACCCTAACCCTAACCCTAACCCCAACCCCAACCCCAACCCCAACCCCAACCCCAACCCTAACCCCTAACCCTAACCCTAACCCTACCCTAACCCTAACCCTAACCC,0.9999997,0.9881084,0.8555306,22.184523,1.0,0.9872693,0.9159001
48,A,C,CCCTAAACCCTAACCCTAACCCTAACCCTAACCCTAACCCCAACCCCCACCCCAACCCCAACCCCAACCCCAACCCTAACCCCTAACCCTAACCCTAACCCTACCCTAACCCTAACCCTAACCC,0.9999999,0.9926091,0.8595877,26.412758,1.0,0.9923346,0.91928893
48,A,G,CCCTAAACCCTAACCCTAACCCTAACCCTAACCCTAACCCCAACCCCGACCCCAACCCCAACCCCAACCCCAACCCTAACCCCTAACCCTAACCCTAACCCTACCCTAACCCTAACCCTAACCC,0.99999964,0.9974828,0.8904377,22.184523,1.0,0.99530584,0.936077
48,A,T,CCCTAAACCCTAACCCTAACCCTAACCCTAACCCTAACCCCAACCCCTACCCCAACCCCAACCCCAACCCCAACCCTAACCCCTAACCCTAACCCTAACCCTACCCTAACCCTAACCCTAACCC,0.9999998,0.99175286,0.86783546,22.71312,1.0,0.99184614,0.9272227
49,A,A,CCCTAAACCCTAACCCTAACCCTAACCCTAACCCTAACCCCAACCCCAACCCCAACCCCAACCCCAACCCCAACCCTAACCCCTAACCCTAACCCTAACCCTACCCTAACCCTAACCCTAACCC,0.9999997,0.9881084,0.8555306,22.184523,1.0,0.9872693,0.9159001
49,A,C,CCCTAAACCCTAACCCTAACCCTAACCCTAACCCTAACCCCAACCCCACCCCCAACCCCAACCCCAACCCCAACCCTAACCCCTAACCCTAACCCTAACCCTACCCTAACCCTAACCCTAACCC,0.9999999,0.9951538,0.8757912,26.267876,1.0,0.9948369,0.9235474
49,A,G,CCCTAAACCCTAACCCTAACCCTAACCCTAACCCTAACCCCAACCCCAGCCCCAACCCCAACCCCAACCCCAACCCTAACCCCTAACCCTAACCCTAACCCTACCCTAACCCTAACCCTAACCC,0.9999998,0.9954217,0.8724159,22.184523,1.0,0.99410605,0.9194439
49,A,T,CCCTAAACCCTAACCCTAACCCTAACCCTAACCCTAACCCCAACCCCATCCCCAACCCCAACCCCAACCCCAACCCTAACCCCTAACCCTAACCCTAACCCTACCCTAACCCTAACCCTAACCC,0.99999976,0.9895482,0.85283065,23.98941,1.0,0.9900868,0.90382767
50,C,A,CCCTAAACCCTAACCCTAACCCTAACCCTAACCCTAACCCCAACCCCAAACCCAACCCCAACCCCAACCCCAACCCTAACCCCTAACCCTAACCCTAACCCTACCCTAACCCTAACCCTAACCC,0.99999976,0.9894454,0.8684942,22.184523,1.0,0.9888108,0.91961944
50,C,C,CCCTAAACCCTAACCCTAACCCTAACCCTAACCCTAACCCCAACCCCAACCCCAACCCCAACCCCAACCCCAACCCTAACCCCTAACCCTAACCCTAACCCTACCCTAACCCTAACCCTAACCC,0.9999997,0.9881084,0.8555306,22.184523,1.0,0.9872693,0.9159001
50,C,G,CCCTAAACCCTAACCCTAACCCTAACCCTAACCCTAACCCCAACCCCAAGCCCAACCCCAACCCCAACCCCAACCCTAACCCCTAACCCTAACCCTAACCCTACCCTAACCCTAACCCTAACCC,0.99999976,0.99418676,0.8781461,22.184523,1.0,0.9930918,0.910857
50,C,T,CCCTAAACCCTAACCCTAACCCTAACCCTAACCCTAACCCCAACCCCAATCCCAACCCCAACCCCAACCCCAACCCTAACCCCTAACCCTAACCCTAACCCTACCCTAACCCTAACCCTAACCC,0.99999976,0.9889572,0.8766807,22.184523,1.0,0.9900276,0.9206713
51,C,A,CCCTAAACCCTAACCCTAACCCTAACCCTAACCCTAACCCCAACCCCAACACCAACCCCAACCCCAACCCCAACCCTAACCCCTAACCCTAACCCTAACCCTACCCTAACCCTAACCCTAACCC,0.99999976,0.98998773,0.8584311,22.184523,1.0,0.989159,0.91667145
51,C,C,CCCTAAACCCTAACCCTAACCCTAACCCTAACCCTAACCCCAACCCCAACCCCAACCCCAACCCCAACCCCAACCCTAACCCCTAACCCTAACCCTAACCCTACCCTAACCCTAACCCTAACCC,0.9999997,0.9881084,0.8555306,22.184523,1.0,0.9872693,0.9159001
51,C,G,CCCTAAACCCTAACCCTAACCCTAACCCTAACCCTAACCCCAACCCCAACGCCAACCCCAACCCCAACCCCAACCCTAACCCCTAACCCTAACCCTAACCCTACCCTAACCCTAACCCTAACCC,0.9999996,0.9955734,0.88236725,22.184523,1.0,0.99353874,0.91295767
51,C,T,CCCTAAACCCTAACCCTAACCCTAACCCTAACCCTAACCCCAACCCCAACTCCAACCCCAACCCCAACCCCAACCCTAACCCCTAACCCTAACCCTAACCCTACCCTAACCCTAACCCTAACCC,0.9999998,0.98886335,0.8530374,22.184523,1.0,0.9891129,0.9166001
52,C,A,CCCTAAACCCTAACCCTAACCCTAACCCTAACCCTAACCCCAACCCCAACCACAACCCCAACCCCAACCCCAACCCTAACCCCTAACCCTAACCCTAACCCTACCCTAACCCTAACCCTAACCC,0.9999998,0.99083865,0.88133717,22.184523,1.0,0.9905142,0.9131297
52,C,C,CCCTAAACCCTAACCCTAACCCTAACCCTAACCCTAACCCCAACCCCAACCCCAACCCCAACCCCAACCCCAACCCTAACCCCTAACCCTAACCCTAACCCTACCCTAACCCTAACCCTAACCC,0.9999997,0.9881084,0.8555306,22.184523,1.0,0.9872693,0.9159001
52,C,G,CCCTAAACCCTAACCCTAACCCTAACCCTAACCCTAACCCCAACCCCAACCGCAACCCCAACCCCAACCCCAACCCTAACCCCTAACCCTAACCCTAACCCTACCCTAACCCTAACCCTAACCC,0.9999996,0.99670583,0.8857481,22.184523,1.0,0.9952372,0.9259832
52,C,T,CCCTAAACCCTAACCCTAACCCTAACCCTAACCCTAACCCCAACCCCAACCTCAACCCCAACCCCAACCCCAACCCTAACCCCTAACCCTAACCCTAACCCTACCCTAACCCTAACCCTAACCC,0.9999998,0.98919505,0.84809375,22.184523,1.0,0.98915106,0.9151319
53,C,A,CCCTAAACCCTAACCCTAACCCTAACCCTAACCCTAACCCCAACCCCAACCCAAACCCCAACCCCAACCCCAACCCTAACCCCTAACCCTAACCCTAACCCTACCCTAACCCTAACCCTAACCC,0.99999976,0.98946553,0.8583317,22.184523,1.0,0.988997,0.9178934
53,C,C,CCCTAAACCCTAACCCTAACCCTAACCCTAACCCTAACCCCAACCCCAACCCCAACCCCAACCCCAACCCCAACCCTAACCCCTAACCCTAACCCTAACCCTACCCTAACCCTAACCCTAACCC,0.9999997,0.9881084,0.8555306,22.184523,1.0,0.9872693,0.9159001
53,C,G,CCCTAAACCCTAACCCTAACCCTAACCCTAACCCTAACCCCAACCCCAACCCGAACCCCAACCCCAACCCCAACCCTAACCCCTAACCCTAACCCTAACCCTACCCTAACCCTAACCCTAACCC,0.9999995,0.99578744,0.8505853,22.184523,1.0,0.994054,0.9141332
53,C,T,CCCTAAACCCTAACCCTAACCCTAACCCTAACCCTAACCCCAACCCCAACCCTAACCCCAACCCCAACCCCAACCCTAACCCCTAACCCTAACCCTAACCCTACCCTAACCCTAACCCTAACCC,0.9999997,0.9881084,0.8555306,22.184523,1.0,0.9872693,0.9159001
54,A,A,CCCTAAACCCTAACCCTAACCCTAACCCTAACCCTAACCCCAACCCCAACCCCAACCCCAACCCCAACCCCAACCCTAACCCCTAACCCTAACCCTAACCCTACCCTAACCCTAACCCTAACCC,0.9999997,0.9881084,0.8555306,22.184523,1.0,0.9872693,0.9159001
54,A,C,CCCTAAACCCTAACCCTAACCCTAACCCTAACCCTAACCCCAACCCCAACCCCCACCCCAACCCCAACCCCAACCCTAACCCCTAACCCTAACCCTAACCCTACCCTAACCCTAACCCTAACCC,0.9999999,0.9926091,0.8595877,25.016956,1.0,0.9933678,0.92678064
54,A,G,CCCTAAACCCTAACCCTAACCCTAACCCTAACCCTAACCCCAACCCCAACCCCGACCCCAACCCCAACCCCAACCCTAACCCCTAACCCTAACCCTAACCCTACCCTAACCCTAACCCTAACCC,0.99999964,0.9974828,0.8904377,22.184523,1.0,0.99530584,0.936077
54,A,T,CCCTAAACCCTAACCCTAACCCTAACCCTAACCCTAACCCCAACCCCAACCCCTACCCCAACCCCAACCCCAACCCTAACCCCTAACCCTAACCCTAACCCTACCCTAACCCTAACCCTAACCC,0.9999998,0.99175286,0.86783546,22.464176,1.0,0.9920538,0.92848265
55,A,A,CCCTAAACCCTAACCCTAACCCTAACCCTAACCCTAACCCCAACCCCAACCCCAACCCCAACCCCAACCCCAACCCTAACCCCTAACCCTAACCCTAACCCTACCCTAACCCTAACCCTAACCC,0.9999997,0.9881084,0.8555306,22.184523,1.0,0.9872693,0.9159001
55,A,C,CCCTAAACCCTAACCCTAACCCTAACCCTAACCCTAACCCCAACCCCAACCCCACCCCCAACCCCAACCCCAACCCTAACCCCTAACCCTAACCCTAACCCTACCCTAACCCTAACCCTAACCC,0.9999999,0.9951538,0.8757912,24.94376,1.0,0.9955009,0.93032324
55,A,G,CCCTAAACCCTAACCCTAACCCTAACCCTAACCCTAACCCCAACCCCAACCCCAGCCCCAACCCCAACCCCAACCCTAACCCCTAACCCTAACCCTAACCCTACCCTAACCCTAACCCTAACCC,0.9999998,0.9954217,0.8724159,22.184523,1.0,0.99410605,0.9194439
55,A,T,CCCTAAACCCTAACCCTAACCCTAACCCTAACCCTAACCCCAACCCCAACCCCATCCCCAACCCCAACCCCAACCCTAACCCCTAACCCTAACCCTAACCCTACCCTAACCCTAACCCTAACCC,0.99999976,0.9895482,0.85283065,23.669973,1.0,0.990409,0.9059067
56,C,A,CCCTAAACCCTAACCCTAACCCTAACCCTAACCCTAACCCCAACCCCAACCCCAAACCCAACCCCAACCCCAACCCTAACCCCTAACCCTAACCCTAACCCTACCCTAACCCTAACCCTAACCC,0.99999976,0.9894454,0.8684942,22.184523,1.0,0.9888108,0.91961944
56,C,C,CCCTAAACCCTAACCCTAACCCTAACCCTAACCCTAACCCCAACCCCAACCCCAACCCCAACCCCAACCCCAACCCTAACCCCTAACCCTAACCCTAACCCTACCCTAACCCTAACCCTAACCC,0.9999997,0.9881084,0.8555306,22.184523,1.0,0.9872693,0.9159001
56,C,G,CCCTAAACCCTAACCCTAACCCTAACCCTAACCCTAACCCCAACCCCAACCCCAAGCCCAACCCCAACCCCAACCCTAACCCCTAACCCTAACCCTAACCCTACCCTAACCCTAACCCTAACCC,0.99999976,0.99418676,0.8781461,22.184523,1.0,0.9930918,0.910857
56,C,T,CCCTAAACCCTAACCCTAACCCTAACCCTAACCCTAACCCCAACCCCAACCCCAATCCCAACCCCAACCCCAACCCTAACCCCTAACCCTAACCCTAACCCTACCCTAACCCTAACCCTAACCC,0.99999976,0.9889572,0.8766807,22.184523,1.0,0.9900276,0.9206713
57,C,A,CCCTAAACCCTAACCCTAACCCTAACCCTAACCCTAACCCCAACCCCAACCCCAACACCAACCCCAACCCCAACCCTAACCCCTAACCCTAACCCTAACCCTACCCTAACCCTAACCCTAACCC,0.99999976,0.98998773,0.8584311,22.184523,1.0,0.989159,0.91667145
57,C,C,CCCTAAACCCTAACCCTAACCCTAACCCTAACCCTAACCCCAACCCCAACCCCAACCCCAACCCCAACCCCAACCCTAACCCCTAACCCTAACCCTAACCCTACCCTAACCCTAACCCTAACCC,0.9999997,0.9881084,0.8555306,22.184523,1.0,0.9872693,0.9159001
57,C,G,CCCTAAACCCTAACCCTAACCCTAACCCTAACCCTAACCCCAACCCCAACCCCAACGCCAACCCCAACCCCAACCCTAACCCCTAACCCTAACCCTAACCCTACCCTAACCCTAACCCTAACCC,0.9999996,0.9955734,0.88236725,22.184523,1.0,0.99353874,0.91295767
57,C,T,CCCTAAACCCTAACCCTAACCCTAACCCTAACCCTAACCCCAACCCCAACCCCAACTCCAACCCCAACCCCAACCCTAACCCCTAACCCTAACCCTAACCCTACCCTAACCCTAACCCTAACCC,0.9999998,0.98886335,0.8530374,22.184523,1.0,0.9891129,0.9166001
58,C,A,CCCTAAACCCTAACCCTAACCCTAACCCTAACCCTAACCCCAACCCCAACCCCAACCACAACCCCAACCCCAACCCTAACCCCTAACCCTAACCCTAACCCTACCCTAACCCTAACCCTAACCC,0.9999998,0.99083865,0.88133717,22.184523,1.0,0.9905142,0.9131297
58,C,C,CCCTAAACCCTAACCCTAACCCTAACCCTAACCCTAACCCCAACCCCAACCCCAACCCCAACCCCAACCCCAACCCTAACCCCTAACCCTAACCCTAACCCTACCCTAACCCTAACCCTAACCC,0.9999997,0.9881084,0.8555306,22.184523,1.0,0.9872693,0.9159001
58,C,G,CCCTAAACCCTAACCCTAACCCTAACCCTAACCCTAACCCCAACCCCAACCCCAACCGCAACCCCAACCCCAACCCTAACCCCTAACCCTAACCCTAACCCTACCCTAACCCTAACCCTAACCC,0.9999996,0.99670583,0.8857481,22.184523,1.0,0.9952372,0.9259832
58,C,T,CCCTAAACCCTAACCCTAACCCTAACCCTAACCCTAACCCCAACCCCAACCCCAACCTCAACCCCAACCCCAACCCTAACCCCTAACCCTAACCCTAACCCTACCCTAACCCTAACCCTAACCC,0.9999998,0.98919505,0.84809375,22.184523,1.0,0.98915106,0.9151319
59,C,A,CCCTAAACCCTAACCCTAACCCTAACCCTAACCCTAACCCCAACCCCAACCCCAACCCAAACCCCAACCCCAACCCTAACCCCTAACCCTAACCCTAACCCTACCCTAACCCTAACCCTAACCC,0.99999976,0.98946553,0.8583317,22.184523,1.0,0.988997,0.9178934
59,C,C,CCCTAAACCCTAACCCTAACCCTAACCCTAACCCTAACCCCAACCCCAACCCCAACCCCAACCCCAACCCCAACCCTAACCCCTAACCCTAACCCTAACCCTACCCTAACCCTAACCCTAACCC,0.9999997,0.9881084,0.8555306,22.184523,1.0,0.9872693,0.9159001
59,C,G,CCCTAAACCCTAACCCTAACCCTAACCCTAACCCTAACCCCAACCCCAACCCCAACCCGAACCCCAACCCCAACCCTAACCCCTAACCCTAACCCTAACCCTACCCTAACCCTAACCCTAACCC,0.9999995,0.99578744,0.8505853,22.184523,1.0,0.994054,0.9141332
59,C,T,CCCTAAACCCTAACCCTAACCCTAACCCTAACCCTAACCCCAACCCCAACCCCAACCCTAACCCCAACCCCAACCCTAACCCCTAACCCTAACCCTAACCCTACCCTAACCCTAACCCTAACCC,0.9999997,0.9881084,0.8555306,22.184523,1.0,0.9872693,0.9159001
60,A,A,CCCTAAACCCTAACCCTAACCCTAACCCTAACCCTAACCCCAACCCCAACCCCAACCCCAACCCCAACCCCAACCCTAACCCCTAACCCTAACCCTAACCCTACCCTAACCCTAACCCTAACCC,0.9999997,0.9881084,0.8555306,22.184523,1.0,0.9872693,0.9159001
60,A,C,CCCTAAACCCTAACCCTAACCCTAACCCTAACCCTAACCCCAACCCCAACCCCAACCCCCACCCCAACCCCAACCCTAACCCCTAACCCTAACCCTAACCCTACCCTAACCCTAACCCTAACCC,0.9999999,0.9926091,0.8595877,22.472815,1.0,0.99490786,0.93880904
60,A,G,CCCTAAACCCTAACCCTAACCCTAACCCTAACCCTAACCCCAACCCCAACCCCAACCCCGACCCCAACCCCAACCCTAACCCCTAACCCTAACCCTAACCCTACCCTAACCCTAACCCTAACCC,0.99999964,0.9974828,0.8904377,22.184523,1.0,0.99530584,0.936077
60,A,T,CCCTAAACCCTAACCCTAACCCTAACCCTAACCCTAACCCCAACCCCAACCCCAACCCCTACCCCAACCCCAACCCTAACCCCTAACCCTAACCCTAACCCTACCCTAACCCTAACCCTAACCC,0.9999998,0.99175286,0.86783546,22.184523,1.0,0.99228084,0.929874
61,A,A,CCCTAAACCCTAACCCTAACCCTAACCCTAACCCTAACCCCAACCCCAACCCCAACCCCAACCCCAACCCCAACCCTAACCCCTAACCCTAACCCTAACCCTACCCTAACCCTAACCCTAACCC,0.9999997,0.9881084,0.8555306,22.184523,1.0,0.9872693,0.9159001
61,A,C,CCCTAAACCCTAACCCTAACCCTAACCCTAACCCTAACCCCAACCCCAACCCCAACCCCACCCCCAACCCCAACCCTAACCCCTAACCCTAACCCTAACCCTACCCTAACCCTAACCCTAACCC,0.9999999,0.9951538,0.8757912,24.757458,1.0,0.9955873,0.9312308
61,A,G,CCCTAAACCCTAACCCTAACCCTAACCCTAACCCTAACCCCAACCCCAACCCCAACCCCAGCCCCAACCCCAACCCTAACCCCTAACCCTAACCCTAACCCTACCCTAACCCTAACCCTAACCC,0.9999998,0.9954217,0.8724159,21.304173,1.0,0.99462116,0.92423815
61,A,T,CCCTAAACCCTAACCCTAACCCTAACCCTAACCCTAACCCCAACCCCAACCCCAACCCCATCCCCAACCCCAACCCTAACCCCTAACCCTAACCCTAACCCTACCCTAACCCTAACCCTAACCC,0.99999976,0.9895482,0.85283065,22.245403,1.0,0.99172425,0.9146949
62,C,A,CCCTAAACCCTAACCCTAACCCTAACCCTAACCCTAACCCCAACCCCAACCCCAACCCCAAACCCAACCCCAACCCTAACCCCTAACCCTAACCCTAACCCTACCCTAACCCTAACCCTAACCC,0.99999976,0.9894454,0.8684942,21.077765,1.0,0.99002033,0.92559177
62,C,C,CCCTAAACCCTAACCCTAACCCTAACCCTAACCCTAACCCCAACCCCAACCCCAACCCCAACCCCAACCCCAACCCTAACCCCTAACCCTAACCCTAACCCTACCCTAACCCTAACCCTAACCC,0.9999997,0.9881084,0.8555306,22.184523,1.0,0.9872693,0.9159001
62,C,G,CCCTAAACCCTAACCCTAACCCTAACCCTAACCCTAACCCCAACCCCAACCCCAACCCCAAGCCCAACCCCAACCCTAACCCCTAACCCTAACCCTAACCCTACCCTAACCCTAACCCTAACCC,0.99999976,0.99418676,0.8781461,20.581186,1.0,0.994151,0.92022204
62,C,T,CCCTAAACCCTAACCCTAACCCTAACCCTAACCCTAACCCCAACCCCAACCCCAACCCCAATCCCAACCCCAACCCTAACCCCTAACCCTAACCCTAACCCTACCCTAACCCTAACCCTAACCC,0.99999976,0.9889572,0.8766807,21.409342,1.0,0.9907962,0.92484766
63,C,A,CCCTAAACCCTAACCCTAACCCTAACCCTAACCCTAACCCCAACCCCAACCCCAACCCCAACACCAACCCCAACCCTAACCCCTAACCCTAACCCTAACCCTACCCTAACCCTAACCCTAACCC,0.99999976,0.98998773,0.8584311,20.581186,1.0,0.9908156,0.9254757
63,C,C,CCCTAAACCCTAACCCTAACCCTAACCCTAACCCTAACCCCAACCCCAACCCCAACCCCAACCCCAACCCCAACCCTAACCCCTAACCCTAACCCTAACCCTACCCTAACCCTAACCCTAACCC,0.9999997,0.9881084,0.8555306,22.184523,1.0,0.9872693,0.9159001
63,C,G,CCCTAAACCCTAACCCTAACCCTAACCCTAACCCTAACCCCAACCCCAACCCCAACCCCAACGCCAACCCCAACCCTAACCCCTAACCCTAACCCTAACCCTACCCTAACCCTAACCCTAACCC,0.9999996,0.9955734,0.88236725,20.581186,1.0,0.9945298,0.9221209
63,C,T,CCCTAAACCCTAACCCTAACCCTAACCCTAACCCTAACCCCAACCCCAACCCCAACCCCAACTCCAACCCCAACCCTAACCCCTAACCCTAACCCTAACCCTACCCTAACCCTAACCCTAACCC,0.9999998,0.98886335,0.8530374,20.644321,1.0,0.99071604,0.9250811
64,C,A,CCCTAAACCCTAACCCTAACCCTAACCCTAACCCTAACCCCAACCCCAACCCCAACCCCAACCACAACCCCAACCCTAACCCCTAACCCTAACCCTAACCCTACCCTAACCCTAACCCTAACCC,0.9999998,0.99083865,0.88133717,20.581186,1.0,0.9919654,0.9222763
64,C,C,CCCTAAACCCTAACCCTAACCCTAACCCTAACCCTAACCCCAACCCCAACCCCAACCCCAACCCCAACCCCAACCCTAACCCCTAACCCTAACCCTAACCCTACCCTAACCCTAACCCTAACCC,0.9999997,0.9881084,0.8555306,22.184523,1.0,0.9872693,0.9159001
64,C,G,CCCTAAACCCTAACCCTAACCCTAACCCTAACCCTAACCCCAACCCCAACCCCAACCCCAACCGCAACCCCAACCCTAACCCCTAACCCTAACCCTAACCCTACCCTAACCCTAACCCTAACCC,0.9999996,0.99670583,0.8857481,20.581186,1.0,0.99596876,0.9338745
64,C,T,CCCTAAACCCTAACCCTAACCCTAACCCTAACCCTAACCCCAACCCCAACCCCAACCCCAACCTCAACCCCAACCCTAACCCCTAACCCTAACCCTAACCCTACCCTAACCCTAACCCTAACCC,0.9999998,0.98919505,0.84809375,20.581186,1.0,0.99080884,0.9240853
65,C,A,CCCTAAACCCTAACCCTAACCCTAACCCTAACCCTAACCCCAACCCCAACCCCAACCCCAACCCAAACCCCAACCCTAACCCCTAACCCTAACCCTAACCCTACCCTAACCCTAACCCTAACCC,0.99999976,0.98946553,0.8583317,20.581186,1.0,0.9906781,0.9265788
65,C,C,CCCTAAACCCTAACCCTAACCCTAACCCTAACCCTAACCCCAACCCCAACCCCAACCCCAACCCCAACCCCAACCCTAACCCCTAACCCTAACCCTAACCCTACCCTAACCCTAACCCTAACCC,0.9999997,0.9881084,0.8555306,22.184523,1.0,0.9872693,0.9159001
65,C,G,CCCTAAACCCTAACCCTAACCCTAACCCTAACCCTAACCCCAACCCCAACCCCAACCCCAACCCGAACCCCAACCCTAACCCCTAACCCTAACCCTAACCCTACCCTAACCCTAACCCTAACCC,0.9999995,0.99578744,0.8505853,20.581186,1.0,0.99496645,0.9231831
65,C,T,CCCTAAACCCTAACCCTAACCCTAACCCTAACCCTAACCCCAACCCCAACCCCAACCCCAACCCTAACCCCAACCCTAACCCCTAACCCTAACCCTAACCCTACCCTAACCCTAACCCTAACCC,0.9999997,0.9881084,0.8555306,21.054077,1.0,0.9886713,0.92225385
66,A,A,CCCTAAACCCTAACCCTAACCCTAACCCTAACCCTAACCCCAACCCCAACCCCAACCCCAACCCCAACCCCAACCCTAACCCCTAACCCTAACCCTAACCCTACCCTAACCCTAACCCTAACCC,0.9999997,0.9881084,0.8555306,22.184523,1.0,0.9872693,0.9159001
66,A,C,CCCTAAACCCTAACCCTAACCCTAACCCTAACCCTAACCCCAACCCCAACCCCAACCCCAACCCCCACCCCAACCCTAACCCCTAACCCTAACCCTAACCCTACCCTAACCCTAACCCTAACCC,0.9999999,0.99297297,0.86620533,25.617634,1.0,0.9933507,0.92321163
66,A,G,CCCTAAACCCTAACCCTAACCCTAACCCTAACCCTAACCCCAACCCCAACCCCAACCCCAACCCCGACCCCAACCCTAACCCCTAACCCTAACCCTAACCCTACCCTAACCCTAACCCTAACCC,0.99999964,0.9975088,0.89332545,20.581186,1.0,0.99596894,0.9422128
66,A,T,CCCTAAACCCTAACCCTAACCCTAACCCTAACCCTAACCCCAACCCCAACCCCAACCCCAACCCCTACCCCAACCCTAACCCCTAACCCTAACCCTAACCCTACCCTAACCCTAACCCTAACCC,0.9999998,0.9916382,0.8718826,23.612686,1.0,0.9910165,0.9229049
67,A,A,CCCTAAACCCTAACCCTAACCCTAACCCTAACCCTAACCCCAACCCCAACCCCAACCCCAACCCCAACCCCAACCCTAACCCCTAACCCTAACCCTAACCCTACCCTAACCCTAACCCTAACCC,0.9999997,0.9881084,0.8555306,22.184523,1.0,0.9872693,0.9159001
67,A,C,CCCTAAACCCTAACCCTAACCCTAACCCTAACCCTAACCCCAACCCCAACCCCAACCCCAACCCCACCCCCAACCCTAACCCCTAACCCTAACCCTAACCCTACCCTAACCCTAACCCTAACCC,0.9999999,0.99517256,0.8769836,25.617413,1.0,0.99498135,0.925992
67,A,G,CCCTAAACCCTAACCCTAACCCTAACCCTAACCCTAACCCCAACCCCAACCCCAACCCCAACCCCAGCCCCAACCCTAACCCCTAACCCTAACCCTAACCCTACCCTAACCCTAACCCTAACCC,0.9999998,0.99553263,0.8762557,20.581186,1.0,0.99480104,0.9285072
67,A,T,CCCTAAACCCTAACCCTAACCCTAACCCTAACCCTAACCCCAACCCCAACCCCAACCCCAACCCCATCCCCAACCCTAACCCCTAACCCTAACCCTAACCCTACCCTAACCCTAACCCTAACCC,0.99999976,0.9891517,0.8509459,24.666368,1.0,0.98933774,0.90242565
68,C,A,CCCTAAACCCTAACCCTAACCCTAACCCTAACCCTAACCCCAACCCCAACCCCAACCCCAACCCCAAACCCAACCCTAACCCCTAACCCTAACCCTAACCCTACCCTAACCCTAACCCTAACCC,0.99999976,0.9887809,0.86298794,20.581186,1.0,0.989277,0.93071187
68,C,C,CCCTAAACCCTAACCCTAACCCTAACCCTAACCCTAACCCCAACCCCAACCCCAACCCCAACCCCAACCCCAACCCTAACCCCTAACCCTAACCCTAACCCTACCCTAACCCTAACCCTAACCC,0.9999997,0.9881084,0.8555306,22.184523,1.0,0.9872693,0.9159001
68,C,G,CCCTAAACCCTAACCCTAACCCTAACCCTAACCCTAACCCCAACCCCAACCCCAACCCCAACCCCAAGCCCAACCCTAACCCCTAACCCTAACCCTAACCCTACCCTAACCCTAACCCTAACCC,0.9999997,0.99421936,0.8700225,20.581186,1.0,0.9938012,0.92018974
68,C,T,CCCTAAACCCTAACCCTAACCCTAACCCTAACCCTAACCCCAACCCCAACCCCAACCCCAACCCCAATCCCAACCCTAACCCCTAACCCTAACCCTAACCCTACCCTAACCCTAACCCTAACCC,0.99999976,0.98666644,0.87531036,21.4361,1.0,0.9901411,0.9220053
69,C,A,CCCTAAACCCTAACCCTAACCCTAACCCTAACCCTAACCCCAACCCCAACCCCAACCCCAACCCCAACACCAACCCTAACCCCTAACCCTAACCCTAACCCTACCCTAACCCTAACCCTAACCC,0.9999997,0.9894578,0.85297924,20.581186,1.0,0.98944765,0.92577034
69,C,C,CCCTAAACCCTAACCCTAACCCTAACCCTAACCCTAACCCCAACCCCAACCCCAACCCCAACCCCAACCCCAACCCTAACCCCTAACCCTAACCCTAACCCTACCCTAACCCTAACCCTAACCC,0.9999997,0.9881084,0.8555306,22.184523,1.0,0.9872693,0.9159001
69,C,G,CCCTAAACCCTAACCCTAACCCTAACCCTAACCCTAACCCCAACCCCAACCCCAACCCCAACCCCAACGCCAACCCTAACCCCTAACCCTAACCCTAACCCTACCCTAACCCTAACCCTAACCC,0.99999946,0.99449056,0.87289476,20.581186,1.0,0.99399126,0.9224906
69,C,T,CCCTAAACCCTAACCCTAACCCTAACCCTAACCCTAACCCCAACCCCAACCCCAACCCCAACCCCAACTCCAACCCTAACCCCTAACCCTAACCCTAACCCTACCCTAACCCTAACCCTAACCC,0.9999998,0.98625314,0.83944005,20.581186,1.0,0.9896803,0.9278236
70,C,A,CCCTAAACCCTAACCCTAACCCTAACCCTAACCCTAACCCCAACCCCAACCCCAACCCCAACCCCAACCACAACCCTAACCCCTAACCCTAACCCTAACCCTACCCTAACCCTAACCCTAACCC,0.99999976,0.98944944,0.87533575,20.581186,1.0,0.9900578,0.9205827
70,C,C,CCCTAAACCCTAACCCTAACCCTAACCCTAACCCTAACCCCAACCCCAACCCCAACCCCAACCCCAACCCCAACCCTAACCCCTAACCCTAACCCTAACCCTACCCTAACCCTAACCCTAACCC,0.9999997,0.9881084,0.8555306,22.184523,1.0,0.9872693,0.9159001
70,C,G,CCCTAAACCCTAACCCTAACCCTAACCCTAACCCTAACCCCAACCCCAACCCCAACCCCAACCCCAACCGCAACCCTAACCCCTAACCCTAACCCTAACCCTACCCTAACCCTAACCCTAACCC,0.9999995,0.99625176,0.88691235,20.581186,1.0,0.99552107,0.93431467
70,C,T,CCCTAAACCCTAACCCTAACCCTAACCCTAACCCTAACCCCAACCCCAACCCCAACCCCAACCCCAACCTCAACCCTAACCCCTAACCCTAACCCTAACCCTACCCTAACCCTAACCCTAACCC,0.99999976,0.9870524,0.8526768,20.581186,1.0,0.98890656,0.9224332
71,C,A,CCCTAAACCCTAACCCTAACCCTAACCCTAACCCTAACCCCAACCCCAACCCCAACCCCAACCCCAACCCAAACCCTAACCCCTAACCCTAACCCTAACCCTACCCTAACCCTAACCCTAACCC,0.99999976,0.9888946,0.85815424,20.581186,1.0,0.98970944,0.929071
71,C,C,CCCTAAACCCTAACCCTAACCCTAACCCTAACCCTAACCCCAACCCCAACCCCAACCCCAACCCCAACCCCAACCCTAACCCCTAACCCTAACCCTAACCCTACCCTAACCCTAACCCTAACCC,0.9999997,0.9881084,0.8555306,22.184523,1.0,0.9872693,0.9159001
71,C,G,CCCTAAACCCTAACCCTAACCCTAACCCTAACCCTAACCCCAACCCCAACCCCAACCCCAACCCCAACCCGAACCCTAACCCCTAACCCTAACCCTAACCCTACCCTAACCCTAACCCTAACCC,0.9999994,0.99612653,0.885928,20.581186,1.0,0.9944332,0.94439983
71,C,T,CCCTAAACCCTAACCCTAACCCTAACCCTAACCCTAACCCCAACCCCAACCCCAACCCCAACCCCAACCCTAACCCTAACCCCTAACCCTAACCCTAACCCTACCCTAACCCTAACCCTAACCC,0.9999997,0.9881084,0.8555306,21.003187,1.0,0.9887307,0.92252934
72,A,A,CCCTAAACCCTAACCCTAACCCTAACCCTAACCCTAACCCCAACCCCAACCCCAACCCCAACCCCAACCCCAACCCTAACCCCTAACCCTAACCCTAACCCTACCCTAACCCTAACCCTAACCC,0.9999997,0.9881084,0.8555306,22.184523,1.0,0.9872693,0.9159001
72,A,C,CCCTAAACCCTAACCCTAACCCTAACCCTAACCCTAACCCCAACCCCAACCCCAACCCCAACCCCAACCCCCACCCTAACCCCTAACCCTAACCCTAACCCTACCCTAACCCTAACCCTAACCC,0.9999998,0.9926673,0.869567,26.610409,1.0,0.99120843,0.9253003
72,A,G,CCCTAAACCCTAACCCTAACCCTAACCCTAACCCTAACCCCAACCCCAACCCCAACCCCAACCCCAACCCCGACCCTAACCCCTAACCCTAACCCTAACCCTACCCTAACCCTAACCCTAACCC,0.9999995,0.996639,0.8858865,20.581186,1.0,0.9954244,0.9419411
72,A,T,CCCTAAACCCTAACCCTAACCCTAACCCTAACCCTAACCCCAACCCCAACCCCAACCCCAACCCCAACCCCTACCCTAACCCCTAACCCTAACCCTAACCCTACCCTAACCCTAACCCTAACCC,0.99999976,0.9903556,0.86398834,22.576973,1.0,0.99018735,0.9255063
73,A,A,CCCTAAACCCTAACCCTAACCCTAACCCTAACCCTAACCCCAACCCCAACCCCAACCCCAACCCCAACCCCAACCCTAACCCCTAACCCTAACCCTAACCCTACCCTAACCCTAACCCTAACCC,0.9999997,0.9881084,0.8555306,22.184523,1.0,0.9872693,0.9159001
73,A,C,CCCTAAACCCTAACCCTAACCCTAACCCTAACCCTAACCCCAACCCCAACCCCAACCCCAACCCCAACCCCACCCCTAACCCCTAACCCTAACCCTAACCCTACCCTAACCCTAACCCTAACCC,0.9999998,0.9943615,0.8712426,25.580177,1.0,0.9931528,0.92551637
73,A,G,CCCTAAACCCTAACCCTAACCCTAACCCTAACCCTAACCCCAACCCCAACCCCAACCCCAACCCCAACCCCAGCCCTAACCCCTAACCCTAACCCTAACCCTACCCTAACCCTAACCCTAACCC,0.99999976,0.9953461,0.87659615,20.581186,1.0,0.9946632,0.9307691
73,A,T,CCCTAAACCCTAACCCTAACCCTAACCCTAACCCTAACCCCAACCCCAACCCCAACCCCAACCCCAACCCCATCCCTAACCCCTAACCCTAACCCTAACCCTACCCTAACCCTAACCCTAACCC,0.99999976,0.98765075,0.8357571,23.43252,1.0,0.9892859,0.90694755
74,C,A,CCCTAAACCCTAACCCTAACCCTAACCCTAACCCTAACCCCAACCCCAACCCCAACCCCAACCCCAACCCCAAACCTAACCCCTAACCCTAACCCTAACCCTACCCTAACCCTAACCCTAACCC,0.9999997,0.98732674,0.86640376,20.581186,1.0,0.98872465,0.92755425
74,C,C,CCCTAAACCCTAACCCTAACCCTAACCCTAACCCTAACCCCAACCCCAACCCCAACCCCAACCCCAACCCCAACCCTAACCCCTAACCCTAACCCTAACCCTACCCTAACCCTAACCCTAACCC,0.9999997,0.9881084,0.8555306,22.184523,1.0,0.9872693,0.9159001
74,C,G,CCCTAAACCCTAACCCTAACCCTAACCCTAACCCTAACCCCAACCCCAACCCCAACCCCAACCCCAACCCCAAGCCTAACCCCTAACCCTAACCCTAACCCTACCCTAACCCTAACCCTAACCC,0.99999964,0.9926266,0.8601625,20.581186,1.0,0.99188596,0.90825796
74,C,T,CCCTAAACCCTAACCCTAACCCTAACCCTAACCCTAACCCCAACCCCAACCCCAACCCCAACCCCAACCCCAATCCTAACCCCTAACCCTAACCCTAACCCTACCCTAACCCTAACCCTAACCC,0.99999964,0.9869484,0.8764841,21.705276,1.0,0.98683804,0.9215886
75,C,A,CCCTAAACCCTAACCCTAACCCTAACCCTAACCCTAACCCCAACCCCAACCCCAACCCCAACCCCAACCCCAACACTAACCCCTAACCCTAACCCTAACCCTACCCTAACCCTAACCCTAACCC,0.99999964,0.98744726,0.8775752,20.581186,1.0,0.9879398,0.9297461
75,C,C,CCCTAAACCCTAACCCTAACCCTAACCCTAACCCTAACCCCAACCCCAACCCCAACCCCAACCCCAACCCCAACCCTAACCCCTAACCCTAACCCTAACCCTACCCTAACCCTAACCCTAACCC,0.9999997,0.9881084,0.8555306,22.184523,1.0,0.9872693,0.9159001
75,C,G,CCCTAAACCCTAACCCTAACCCTAACCCTAACCCTAACCCCAACCCCAACCCCAACCCCAACCCCAACCCCAACGCTAACCCCTAACCCTAACCCTAACCCTACCCTAACCCTAACCCTAACCC,0.999999,0.99387044,0.8737487,20.581186,1.0,0.9931273,0.9181902
75,C,T,CCCTAAACCCTAACCCTAACCCTAACCCTAACCCTAACCCCAACCCCAACCCCAACCCCAACCCCAACCCCAACTCTAACCCCTAACCCTAACCCTAACCCTACCCTAACCCTAACCCTAACCC,0.9999997,0.9819466,0.85165477,20.581186,1.0,0.9866816,0.92235523
76,C,A,CCCTAAACCCTAACCCTAACCCTAACCCTAACCCTAACCCCAACCCCAACCCCAACCCCAACCCCAACCCCAACCATAACCCCTAACCCTAACCCTAACCCTACCCTAACCCTAACCCTAACCC,0.9999996,0.98280513,0.8648269,20.581186,1.0,0.98441917,0.91507155
76,C,C,CCCTAAACCCTAACCCTAACCCTAACCCTAACCCTAACCCCAACCCCAACCCCAACCCCAACCCCAACCCCAACCCTAACCCCTAACCCTAACCCTAACCCTACCCTAACCCTAACCCTAACCC,0.9999997,0.9881084,0.8555306,22.184523,1.0,0.9872693,0.9159001
76,C,G,CCCTAAACCCTAACCCTAACCCTAACCCTAACCCTAACCCCAACCCCAACCCCAACCCCAACCCCAACCCCAACCGTAACCCCTAACCCTAACCCTAACCCTACCCTAACCCTAACCCTAACCC,0.99999905,0.994884,0.8898527,20.581186,1.0,0.9936968,0.9247249
76,C,T,CCCTAAACCCTAACCCTAACCCTAACCCTAACCCTAACCCCAACCCCAACCCCAACCCCAACCCCAACCCCAACCTTAACCCCTAACCCTAACCCTAACCCTACCCTAACCCTAACCCTAACCC,0.9999997,0.981647,0.8227986,20.99103,1.0,0.9851944,0.91174734
77,T,A,CCCTAAACCCTAACCCTAACCCTAACCCTAACCCTAACCCCAACCCCAACCCCAACCCCAACCCCAACCCCAACCCAAACCCCTAACCCTAACCCTAACCCTACCCTAACCCTAACCCTAACCC,0.99999976,0.9882684,0.8585167,21.349678,1.0,0.988272,0.9208275
77,T,C,CCCTAAACCCTAACCCTAACCCTAACCCTAACCCTAACCCCAACCCCAACCCCAACCCCAACCCCAACCCCAACCCCAACCCCTAACCCTAACCCTAACCCTACCCTAACCCTAACCCTAACCC,0.9999997,0.99043053,0.8656404,22.755623,1.0,0.9883255,0.92491883
77,T,G,CCCTAAACCCTAACCCTAACCCTAACCCTAACCCTAACCCCAACCCCAACCCCAACCCCAACCCCAACCCCAACCCGAACCCCTAACCCTAACCCTAACCCTACCCTAACCCTAACCCTAACCC,0.9999994,0.99548,0.85515183,20.581186,1.0,0.99454564,0.91963106
77,T,T,CCCTAAACCCTAACCCTAACCCTAACCCTAACCCTAACCCCAACCCCAACCCCAACCCCAACCCCAACCCCAACCCTAACCCCTAACCCTAACCCTAACCCTACCCTAACCCTAACCCTAACCC,0.9999997,0.9881084,0.8555306,22.184523,1.0,0.9872693,0.9159001
78,A,A,CCCTAAACCCTAACCCTAACCCTAACCCTAACCCTAACCCCAACCCCAACCCCAACCCCAACCCCAACCCCAACCCTAACCCCTAACCCTAACCCTAACCCTACCCTAACCCTAACCCTAACCC,0.9999997,0.9881084,0.8555306,22.184523,1.0,0.9872693,0.9159001
78,A,C,CCCTAAACCCTAACCCTAACCCTAACCCTAACCCTAACCCCAACCCCAACCCCAACCCCAACCCCAACCCCAACCCTCACCCCTAACCCTAACCCTAACCCTACCCTAACCCTAACCCTAACCC,0.9999999,0.9903799,0.8702193,23.981352,1.0,0.9899334,0.913707
78,A,G,CCCTAAACCCTAACCCTAACCCTAACCCTAACCCTAACCCCAACCCCAACCCCAACCCCAACCCCAACCCCAACCCTGACCCCTAACCCTAACCCTAACCCTACCCTAACCCTAACCCTAACCC,0.9999997,0.98896253,0.7932741,20.581186,1.0,0.9900458,0.9010199
78,A,T,CCCTAAACCCTAACCCTAACCCTAACCCTAACCCTAACCCCAACCCCAACCCCAACCCCAACCCCAACCCCAACCCTTACCCCTAACCCTAACCCTAACCCTACCCTAACCCTAACCCTAACCC,0.99999976,0.98676497,0.85057616,23.02452,1.0,0.9877292,0.9182752
79,A,A,CCCTAAACCCTAACCCTAACCCTAACCCTAACCCTAACCCCAACCCCAACCCCAACCCCAACCCCAACCCCAACCCTAACCCCTAACCCTAACCCTAACCCTACCCTAACCCTAACCCTAACCC,0.9999997,0.9881084,0.8555306,22.184523,1.0,0.9872693,0.9159001
79,A,C,CCCTAAACCCTAACCCTAACCCTAACCCTAACCCTAACCCCAACCCCAACCCCAACCCCAACCCCAACCCCAACCCTACCCCCTAACCCTAACCCTAACCCTACCCTAACCCTAACCCTAACCC,0.9999998,0.994531,0.86650294,24.931358,1.0,0.99100363,0.9318546
79,A,G,CCCTAAACCCTAACCCTAACCCTAACCCTAACCCTAACCCCAACCCCAACCCCAACCCCAACCCCAACCCCAACCCTAGCCCCTAACCCTAACCCTAACCCTACCCTAACCCTAACCCTAACCC,0.9999996,0.99208736,0.83314127,20.761076,1.0,0.99122584,0.9028329
79,A,T,CCCTAAACCCTAACCCTAACCCTAACCCTAACCCTAACCCCAACCCCAACCCCAACCCCAACCCCAACCCCAACCCTATCCCCTAACCCTAACCCTAACCCTACCCTAACCCTAACCCTAACCC,0.99999976,0.98944247,0.8696999,23.15998,1.0,0.99004483,0.9273783
80,C,A,CCCTAAACCCTAACCCTAACCCTAACCCTAACCCTAACCCCAACCCCAACCCCAACCCCAACCCCAACCCCAACCCTAAACCCTAACCCTAACCCTAACCCTACCCTAACCCTAACCCTAACCC,0.99999964,0.9879707,0.8642362,21.146778,1.0,0.98695356,0.9225067
80,C,C,CCCTAAACCCTAACCCTAACCCTAACCCTAACCCTAACCCCAACCCCAACCCCAACCCCAACCCCAACCCCAACCCTAACCCCTAACCCTAACCCTAACCCTACCCTAACCCTAACCCTAACCC,0.9999997,0.9881084,0.8555306,22.184523,1.0,0.9872693,0.9159001
80,C,G,CCCTAAACCCTAACCCTAACCCTAACCCTAACCCTAACCCCAACCCCAACCCCAACCCCAACCCCAACCCCAACCCTAAGCCCTAACCCTAACCCTAACCCTACCCTAACCCTAACCCTAACCC,0.9999996,0.9885477,0.8648788,20.581186,1.0,0.9875174,0.91316164
80,C,T,CCCTAAACCCTAACCCTAACCCTAACCCTAACCCTAACCCCAACCCCAACCCCAACCCCAACCCCAACCCCAACCCTAATCCCTAACCCTAACCCTAACCCTACCCTAACCCTAACCCTAACCC,0.99999964,0.9776845,0.8670428,21.74123,1.0,0.98073894,0.915682
81,C,A,CCCTAAACCCTAACCCTAACCCTAACCCTAACCCTAACCCCAACCCCAACCCCAACCCCAACCCCAACCCCAACCCTAACACCTAACCCTAACCCTAACCCTACCCTAACCCTAACCCTAACCC,0.9999996,0.98032117,0.8332451,20.581186,1.0,0.9859529,0.91311306
81,C,C,CCCTAAACCCTAACCCTAACCCTAACCCTAACCCTAACCCCAACCCCAACCCCAACCCCAACCCCAACCCCAACCCTAACCCCTAACCCTAACCCTAACCCTACCCTAACCCTAACCCTAACCC,0.9999997,0.9881084,0.8555306,22.184523,1.0,0.9872693,0.9159001
81,C,G,CCCTAAACCCTAACCCTAACCCTAACCCTAACCCTAACCCCAACCCCAACCCCAACCCCAACCCCAACCCCAACCCTAACGCCTAACCCTAACCCTAACCCTACCCTAACCCTAACCCTAACCC,0.99999857,0.994563,0.9190845,20.581186,1.0,0.99197626,0.9384737
81,C,T,CCCTAAACCCTAACCCTAACCCTAACCCTAACCCTAACCCCAACCCCAACCCCAACCCCAACCCCAACCCCAACCCTAACTCCTAACCCTAACCCTAACCCTACCCTAACCCTAACCCTAACCC,0.99999976,0.9746072,0.8436735,20.581186,1.0,0.9833934,0.9194484
82,C,A,CCCTAAACCCTAACCCTAACCCTAACCCTAACCCTAACCCCAACCCCAACCCCAACCCCAACCCCAACCCCAACCCTAACCACTAACCCTAACCCTAACCCTACCCTAACCCTAACCCTAACCC,0.99999964,0.9860716,0.9000798,20.581186,1.0,0.9868058,0.9297619
82,C,C,CCCTAAACCCTAACCCTAACCCTAACCCTAACCCTAACCCCAACCCCAACCCCAACCCCAACCCCAACCCCAACCCTAACCCCTAACCCTAACCCTAACCCTACCCTAACCCTAACCCTAACCC,0.9999997,0.9881084,0.8555306,22.184523,1.0,0.9872693,0.9159001
82,C,G,CCCTAAACCCTAACCCTAACCCTAACCCTAACCCTAACCCCAACCCCAACCCCAACCCCAACCCCAACCCCAACCCTAACCGCTAACCCTAACCCTAACCCTACCCTAACCCTAACCCTAACCC,0.9999988,0.99385494,0.8846082,20.581186,1.0,0.9925965,0.9191166
82,C,T,CCCTAAACCCTAACCCTAACCCTAACCCTAACCCTAACCCCAACCCCAACCCCAACCCCAACCCCAACCCCAACCCTAACCTCTAACCCTAACCCTAACCCTACCCTAACCCTAACCCTAACCC,0.9999997,0.97479826,0.85377425,20.581186,1.0,0.98037434,0.9222271
83,C,A,CCCTAAACCCTAACCCTAACCCTAACCCTAACCCTAACCCCAACCCCAACCCCAACCCCAACCCCAACCCCAACCCTAACCCATAACCCTAACCCTAACCCTACCCTAACCCTAACCCTAACCC,0.9999996,0.9834778,0.84887385,20.614065,1.0,0.98451304,0.9139282
83,C,C,CCCTAAACCCTAACCCTAACCCTAACCCTAACCCTAACCCCAACCCCAACCCCAACCCCAACCCCAACCCCAACCCTAACCCCTAACCCTAACCCTAACCCTACCCTAACCCTAACCCTAACCC,0.9999997,0.9881084,0.8555306,22.184523,1.0,0.9872693,0.9159001
83,C,G,CCCTAAACCCTAACCCTAACCCTAACCCTAACCCTAACCCCAACCCCAACCCCAACCCCAACCCCAACCCCAACCCTAACCCGTAACCCTAACCCTAACCCTACCCTAACCCTAACCCTAACCC,0.9999988,0.9926279,0.86359596,20.581186,1.0,0.99210405,0.9120452
83,C,T,CCCTAAACCCTAACCCTAACCCTAACCCTAACCCTAACCCCAACCCCAACCCCAACCCCAACCCCAACCCCAACCCTAACCCTTAACCCTAACCCTAACCCTACCCTAACCCTAACCCTAACCC,0.99999964,0.98121566,0.84135514,21.92921,1.0,0.9825651,0.91589314
84,T,A,CCCTAAACCCTAACCCTAACCCTAACCCTAACCCTAACCCCAACCCCAACCCCAACCCCAACCCCAACCCCAACCCTAACCCCAAACCCTAACCCTAACCCTACCCTAACCCTAACCCTAACCC,0.9999997,0.98692304,0.8558827,21.43163,1.0,0.9872347,0.9176808
84,T,C,CCCTAAACCCTAACCCTAACCCTAACCCTAACCCTAACCCCAACCCCAACCCCAACCCCAACCCCAACCCCAACCCTAACCCCCAACCCTAACCCTAACCCTACCCTAACCCTAACCCTAACCC,0.9999997,0.98996705,0.8437945,23.23903,1.0,0.98948616,0.91082096
84,T,G,CCCTAAACCCTAACCCTAACCCTAACCCTAACCCTAACCCCAACCCCAACCCCAACCCCAACCCCAACCCCAACCCTAACCCCGAACCCTAACCCTAACCCTACCCTAACCCTAACCCTAACCC,0.9999994,0.9944853,0.9007774,20.581186,1.0,0.9923327,0.9361785
84,T,T,CCCTAAACCCTAACCCTAACCCTAACCCTAACCCTAACCCCAACCCCAACCCCAACCCCAACCCCAACCCCAACCCTAACCCCTAACCCTAACCCTAACCCTACCCTAACCCTAACCCTAACCC,0.9999997,0.9881084,0.8555306,22.184523,1.0,0.9872693,0.9159001
85,A,A,CCCTAAACCCTAACCCTAACCCTAACCCTAACCCTAACCCCAACCCCAACCCCAACCCCAACCCCAACCCCAACCCTAACCCCTAACCCTAACCCTAACCCTACCCTAACCCTAACCCTAACCC,0.9999997,0.9881084,0.8555306,22.184523,1.0,0.9872693,0.9159001
85,A,C,CCCTAAACCCTAACCCTAACCCTAACCCTAACCCTAACCCCAACCCCAACCCCAACCCCAACCCCAACCCCAACCCTAACCCCTCACCCTAACCCTAACCCTACCCTAACCCTAACCCTAACCC,0.9999998,0.992682,0.88225114,23.168808,1.0,0.9920504,0.9406845
85,A,G,CCCTAAACCCTAACCCTAACCCTAACCCTAACCCTAACCCCAACCCCAACCCCAACCCCAACCCCAACCCCAACCCTAACCCCTGACCCTAACCCTAACCCTACCCTAACCCTAACCCTAACCC,0.99999964,0.9841528,0.7943778,20.581186,1.0,0.9885716,0.8852285
85,A,T,CCCTAAACCCTAACCCTAACCCTAACCCTAACCCTAACCCCAACCCCAACCCCAACCCCAACCCCAACCCCAACCCTAACCCCTTACCCTAACCCTAACCCTACCCTAACCCTAACCCTAACCC,0.9999997,0.98663205,0.8291086,22.311907,1.0,0.9856687,0.9193876
86,A,A,CCCTAAACCCTAACCCTAACCCTAACCCTAACCCTAACCCCAACCCCAACCCCAACCCCAACCCCAACCCCAACCCTAACCCCTAACCCTAACCCTAACCCTACCCTAACCCTAACCCTAACCC,0.9999997,0.9881084,0.8555306,22.184523,1.0,0.9872693,0.9159001
86,A,C,CCCTAAACCCTAACCCTAACCCTAACCCTAACCCTAACCCCAACCCCAACCCCAACCCCAACCCCAACCCCAACCCTAACCCCTACCCCTAACCCTAACCCTACCCTAACCCTAACCCTAACCC,0.99999976,0.9905419,0.87032175,23.419163,1.0,0.9891077,0.933099
86,A,G,CCCTAAACCCTAACCCTAACCCTAACCCTAACCCTAACCCCAACCCCAACCCCAACCCCAACCCCAACCCCAACCCTAACCCCTAGCCCTAACCCTAACCCTACCCTAACCCTAACCCTAACCC,0.9999995,0.99193823,0.85754806,20.581186,1.0,0.9904823,0.9111905
86,A,T,CCCTAAACCCTAACCCTAACCCTAACCCTAACCCTAACCCCAACCCCAACCCCAACCCCAACCCCAACCCCAACCCTAACCCCTATCCCTAACCCTAACCCTACCCTAACCCTAACCCTAACCC,0.99999964,0.9829767,0.84100163,22.099976,1.0,0.98814875,0.91404194
87,C,A,CCCTAAACCCTAACCCTAACCCTAACCCTAACCCTAACCCCAACCCCAACCCCAACCCCAACCCCAACCCCAACCCTAACCCCTAAACCTAACCCTAACCCTACCCTAACCCTAACCCTAACCC,0.9999996,0.98433465,0.8579091,20.581186,1.0,0.98197854,0.9205647
87,C,C,CCCTAAACCCTAACCCTAACCCTAACCCTAACCCTAACCCCAACCCCAACCCCAACCCCAACCCCAACCCCAACCCTAACCCCTAACCCTAACCCTAACCCTACCCTAACCCTAACCCTAACCC,0.9999997,0.9881084,0.8555306,22.184523,1.0,0.9872693,0.9159001
87,C,G,CCCTAAACCCTAACCCTAACCCTAACCCTAACCCTAACCCCAACCCCAACCCCAACCCCAACCCCAACCCCAACCCTAACCCCTAAGCCTAACCCTAACCCTACCCTAACCCTAACCCTAACCC,0.99999946,0.9855678,0.84581274,20.581186,1.0,0.98652226,0.9099408
87,C,T,CCCTAAACCCTAACCCTAACCCTAACCCTAACCCTAACCCCAACCCCAACCCCAACCCCAACCCCAACCCCAACCCTAACCCCTAATCCTAACCCTAACCCTACCCTAACCCTAACCCTAACCC,0.99999964,0.9766201,0.8573892,22.086693,1.0,0.97682106,0.9178068
88,C,A,CCCTAAACCCTAACCCTAACCCTAACCCTAACCCTAACCCCAACCCCAACCCCAACCCCAACCCCAACCCCAACCCTAACCCCTAACACTAACCCTAACCCTACCCTAACCCTAACCCTAACCC,0.9999995,0.9785011,0.87411785,20.581186,1.0,0.98321235,0.9304963
88,C,C,CCCTAAACCCTAACCCTAACCCTAACCCTAACCCTAACCCCAACCCCAACCCCAACCCCAACCCCAACCCCAACCCTAACCCCTAACCCTAACCCTAACCCTACCCTAACCCTAACCCTAACCC,0.9999997,0.9881084,0.8555306,22.184523,1.0,0.9872693,0.9159001
88,C,G,CCCTAAACCCTAACCCTAACCCTAACCCTAACCCTAACCCCAACCCCAACCCCAACCCCAACCCCAACCCCAACCCTAACCCCTAACGCTAACCCTAACCCTACCCTAACCCTAACCCTAACCC,0.99999815,0.99357665,0.9159392,20.581186,1.0,0.99154043,0.9468539
88,C,T,CCCTAAACCCTAACCCTAACCCTAACCCTAACCCTAACCCCAACCCCAACCCCAACCCCAACCCCAACCCCAACCCTAACCCCTAACTCTAACCCTAACCCTACCCTAACCCTAACCCTAACCC,0.99999964,0.9742572,0.832736,20.581186,1.0,0.9782528,0.9241899
89,C,A,CCCTAAACCCTAACCCTAACCCTAACCCTAACCCTAACCCCAACCCCAACCCCAACCCCAACCCCAACCCCAACCCTAACCCCTAACCATAACCCTAACCCTACCCTAACCCTAACCCTAACCC,0.99999946,0.9793299,0.8476996,20.581186,1.0,0.98151416,0.91432697
89,C,C,CCCTAAACCCTAACCCTAACCCTAACCCTAACCCTAACCCCAACCCCAACCCCAACCCCAACCCCAACCCCAACCCTAACCCCTAACCCTAACCCTAACCCTACCCTAACCCTAACCCTAACCC,0.9999997,0.9881084,0.8555306,22.184523,1.0,0.9872693,0.9159001
89,C,G,CCCTAAACCCTAACCCTAACCCTAACCCTAACCCTAACCCCAACCCCAACCCCAACCCCAACCCCAACCCCAACCCTAACCCCTAACCGTAACCCTAACCCTACCCTAACCCTAACCCTAACCC,0.9999984,0.9928903,0.876314,20.581186,1.0,0.9899803,0.92050284
89,C,T,CCCTAAACCCTAACCCTAACCCTAACCCTAACCCTAACCCCAACCCCAACCCCAACCCCAACCCCAACCCCAACCCTAACCCCTAACCTTAACCCTAACCCTACCCTAACCCTAACCCTAACCC,0.9999995,0.97761464,0.841596,21.080645,1.0,0.9805506,0.9128378
90,T,A,CCCTAAACCCTAACCCTAACCCTAACCCTAACCCTAACCCCAACCCCAACCCCAACCCCAACCCCAACCCCAACCCTAACCCCTAACCCAAACCCTAACCCTACCCTAACCCTAACCCTAACCC,0.9999997,0.9873938,0.8542448,21.187355,1.0,0.9874453,0.92229193
90,T,C,CCCTAAACCCTAACCCTAACCCTAACCCTAACCCTAACCCCAACCCCAACCCCAACCCCAACCCCAACCCCAACCCTAACCCCTAACCCCAACCCTAACCCTACCCTAACCCTAACCCTAACCC,0.9999997,0.98860157,0.85137874,22.528675,1.0,0.98725104,0.91204333
90,T,G,CCCTAAACCCTAACCCTAACCCTAACCCTAACCCTAACCCCAACCCCAACCCCAACCCCAACCCCAACCCCAACCCTAACCCCTAACCCGAACCCTAACCCTACCCTAACCCTAACCCTAACCC,0.9999992,0.99577606,0.90273017,20.581186,1.0,0.99448377,0.94778025
90,T,T,CCCTAAACCCTAACCCTAACCCTAACCCTAACCCTAACCCCAACCCCAACCCCAACCCCAACCCCAACCCCAACCCTAACCCCTAACCCTAACCCTAACCCTACCCTAACCCTAACCCTAACCC,0.9999997,0.9881084,0.8555306,22.184523,1.0,0.9872693,0.9159001
91,A,A,CCCTAAACCCTAACCCTAACCCTAACCCTAACCCTAACCCCAACCCCAACCCCAACCCCAACCCCAACCCCAACCCTAACCCCTAACCCTAACCCTAACCCTACCCTAACCCTAACCCTAACCC,0.9999997,0.9881084,0.8555306,22.184523,1.0,0.9872693,0.9159001
91,A,C,CCCTAAACCCTAACCCTAACCCTAACCCTAACCCTAACCCCAACCCCAACCCCAACCCCAACCCCAACCCCAACCCTAACCCCTAACCCTCACCCTAACCCTACCCTAACCCTAACCCTAACCC,0.9999998,0.99317956,0.89071095,22.134783,1.0,0.9918569,0.94385886
91,A,G,CCCTAAACCCTAACCCTAACCCTAACCCTAACCCTAACCCCAACCCCAACCCCAACCCCAACCCCAACCCCAACCCTAACCCCTAACCCTGACCCTAACCCTACCCTAACCCTAACCCTAACCC,0.9999995,0.9848479,0.80643076,20.581186,1.0,0.98837614,0.90447235
91,A,T,CCCTAAACCCTAACCCTAACCCTAACCCTAACCCTAACCCCAACCCCAACCCCAACCCCAACCCCAACCCCAACCCTAACCCCTAACCCTTACCCTAACCCTACCCTAACCCTAACCCTAACCC,0.9999997,0.9852397,0.8399042,21.956501,1.0,0.98542154,0.9254143
92,A,A,CCCTAAACCCTAACCCTAACCCTAACCCTAACCCTAACCCCAACCCCAACCCCAACCCCAACCCCAACCCCAACCCTAACCCCTAACCCTAACCCTAACCCTACCCTAACCCTAACCCTAACCC,0.9999997,0.9881084,0.8555306,22.184523,1.0,0.9872693,0.9159001
92,A,C,CCCTAAACCCTAACCCTAACCCTAACCCTAACCCTAACCCCAACCCCAACCCCAACCCCAACCCCAACCCCAACCCTAACCCCTAACCCTACCCCTAACCCTACCCTAACCCTAACCCTAACCC,0.9999997,0.9897209,0.8757918,22.456753,1.0,0.9893665,0.92952317
92,A,G,CCCTAAACCCTAACCCTAACCCTAACCCTAACCCTAACCCCAACCCCAACCCCAACCCCAACCCCAACCCCAACCCTAACCCCTAACCCTAGCCCTAACCCTACCCTAACCCTAACCCTAACCC,0.99999946,0.9904468,0.86724466,20.581186,1.0,0.9891284,0.9233954
92,A,T,CCCTAAACCCTAACCCTAACCCTAACCCTAACCCTAACCCCAACCCCAACCCCAACCCCAACCCCAACCCCAACCCTAACCCCTAACCCTATCCCTAACCCTACCCTAACCCTAACCCTAACCC,0.99999964,0.9829523,0.8669203,21.716059,1.0,0.9881868,0.92851806
93,C,A,CCCTAAACCCTAACCCTAACCCTAACCCTAACCCTAACCCCAACCCCAACCCCAACCCCAACCCCAACCCCAACCCTAACCCCTAACCCTAAACCTAACCCTACCCTAACCCTAACCCTAACCC,0.9999996,0.98434293,0.8715282,20.581186,1.0,0.9830829,0.92931896
93,C,C,CCCTAAACCCTAACCCTAACCCTAACCCTAACCCTAACCCCAACCCCAACCCCAACCCCAACCCCAACCCCAACCCTAACCCCTAACCCTAACCCTAACCCTACCCTAACCCTAACCCTAACCC,0.9999997,0.9881084,0.8555306,22.184523,1.0,0.9872693,0.9159001
93,C,G,CCCTAAACCCTAACCCTAACCCTAACCCTAACCCTAACCCCAACCCCAACCCCAACCCCAACCCCAACCCCAACCCTAACCCCTAACCCTAAGCCTAACCCTACCCTAACCCTAACCCTAACCC,0.9999993,0.9845813,0.8674796,20.581186,1.0,0.9863207,0.9160654
93,C,T,CCCTAAACCCTAACCCTAACCCTAACCCTAACCCTAACCCCAACCCCAACCCCAACCCCAACCCCAACCCCAACCCTAACCCCTAACCCTAATCCTAACCCTACCCTAACCCTAACCCTAACCC,0.9999996,0.97879887,0.86814845,21.53918,1.0,0.9766673,0.9208019
94,C,A,CCCTAAACCCTAACCCTAACCCTAACCCTAACCCTAACCCCAACCCCAACCCCAACCCCAACCCCAACCCCAACCCTAACCCCTAACCCTAACACTAACCCTACCCTAACCCTAACCCTAACCC,0.9999995,0.9791842,0.875965,20.581186,1.0,0.9827569,0.92887276
94,C,C,CCCTAAACCCTAACCCTAACCCTAACCCTAACCCTAACCCCAACCCCAACCCCAACCCCAACCCCAACCCCAACCCTAACCCCTAACCCTAACCCTAACCCTACCCTAACCCTAACCCTAACCC,0.9999997,0.9881084,0.8555306,22.184523,1.0,0.9872693,0.9159001
94,C,G,CCCTAAACCCTAACCCTAACCCTAACCCTAACCCTAACCCCAACCCCAACCCCAACCCCAACCCCAACCCCAACCCTAACCCCTAACCCTAACGCTAACCCTACCCTAACCCTAACCCTAACCC,0.99999803,0.9919887,0.9013551,20.581186,1.0,0.9901004,0.932136
94,C,T,CCCTAAACCCTAACCCTAACCCTAACCCTAACCCTAACCCCAACCCCAACCCCAACCCCAACCCCAACCCCAACCCTAACCCCTAACCCTAACTCTAACCCTACCCTAACCCTAACCCTAACCC,0.99999964,0.97569954,0.84166354,20.581186,1.0,0.9813342,0.9251753
95,C,A,CCCTAAACCCTAACCCTAACCCTAACCCTAACCCTAACCCCAACCCCAACCCCAACCCCAACCCCAACCCCAACCCTAACCCCTAACCCTAACCATAACCCTACCCTAACCCTAACCCTAACCC,0.9999994,0.97722435,0.87468785,20.581186,1.0,0.983337,0.9301702
95,C,C,CCCTAAACCCTAACCCTAACCCTAACCCTAACCCTAACCCCAACCCCAACCCCAACCCCAACCCCAACCCCAACCCTAACCCCTAACCCTAACCCTAACCCTACCCTAACCCTAACCCTAACCC,0.9999997,0.9881084,0.8555306,22.184523,1.0,0.9872693,0.9159001
95,C,G,CCCTAAACCCTAACCCTAACCCTAACCCTAACCCTAACCCCAACCCCAACCCCAACCCCAACCCCAACCCCAACCCTAACCCCTAACCCTAACCGTAACCCTACCCTAACCCTAACCCTAACCC,0.99999785,0.9903671,0.8693277,20.581186,1.0,0.98708946,0.92085814
95,C,T,CCCTAAACCCTAACCCTAACCCTAACCCTAACCCTAACCCCAACCCCAACCCCAACCCCAACCCCAACCCCAACCCTAACCCCTAACCCTAACCTTAACCCTACCCTAACCCTAACCCTAACCC,0.9999996,0.9760361,0.8524783,21.195477,1.0,0.97904694,0.9240232
96,T,A,CCCTAAACCCTAACCCTAACCCTAACCCTAACCCTAACCCCAACCCCAACCCCAACCCCAACCCCAACCCCAACCCTAACCCCTAACCCTAACCCAAACCCTACCCTAACCCTAACCCTAACCC,0.9999997,0.98777556,0.84816575,21.005913,1.0,0.9886646,0.91971296
96,T,C,CCCTAAACCCTAACCCTAACCCTAACCCTAACCCTAACCCCAACCCCAACCCCAACCCCAACCCCAACCCCAACCCTAACCCCTAACCCTAACCCCAACCCTACCCTAACCCTAACCCTAACCC,0.99999976,0.9910371,0.8495213,22.724651,1.0,0.9882702,0.9224449
96,T,G,CCCTAAACCCTAACCCTAACCCTAACCCTAACCCTAACCCCAACCCCAACCCCAACCCCAACCCCAACCCCAACCCTAACCCCTAACCCTAACCCGAACCCTACCCTAACCCTAACCCTAACCC,0.99999917,0.9964366,0.8999833,20.581186,1.0,0.9952521,0.9451604
96,T,T,CCCTAAACCCTAACCCTAACCCTAACCCTAACCCTAACCCCAACCCCAACCCCAACCCCAACCCCAACCCCAACCCTAACCCCTAACCCTAACCCTAACCCTACCCTAACCCTAACCCTAACCC,0.9999997,0.9881084,0.8555306,22.184523,1.0,0.9872693,0.9159001
97,A,A,CCCTAAACCCTAACCCTAACCCTAACCCTAACCCTAACCCCAACCCCAACCCCAACCCCAACCCCAACCCCAACCCTAACCCCTAACCCTAACCCTAACCCTACCCTAACCCTAACCCTAACCC,0.9999997,0.9881084,0.8555306,22.184523,1.0,0.9872693,0.9159001
97,A,C,CCCTAAACCCTAACCCTAACCCTAACCCTAACCCTAACCCCAACCCCAACCCCAACCCCAACCCCAACCCCAACCCTAACCCCTAACCCTAACCCTCACCCTACCCTAACCCTAACCCTAACCC,0.9999999,0.9923291,0.88240623,22.569252,1.0,0.9930607,0.9342756
97,A,G,CCCTAAACCCTAACCCTAACCCTAACCCTAACCCTAACCCCAACCCCAACCCCAACCCCAACCCCAACCCCAACCCTAACCCCTAACCCTAACCCTGACCCTACCCTAACCCTAACCCTAACCC,0.99999946,0.9873192,0.82424456,20.581186,1.0,0.9895437,0.8943343
97,A,T,CCCTAAACCCTAACCCTAACCCTAACCCTAACCCTAACCCCAACCCCAACCCCAACCCCAACCCCAACCCCAACCCTAACCCCTAACCCTAACCCTTACCCTACCCTAACCCTAACCCTAACCC,0.9999997,0.9873253,0.8605121,22.10707,1.0,0.98790973,0.9292961
98,A,A,CCCTAAACCCTAACCCTAACCCTAACCCTAACCCTAACCCCAACCCCAACCCCAACCCCAACCCCAACCCCAACCCTAACCCCTAACCCTAACCCTAACCCTACCCTAACCCTAACCCTAACCC,0.9999997,0.9881084,0.8555306,22.184523,1.0,0.9872693,0.9159001
98,A,C,CCCTAAACCCTAACCCTAACCCTAACCCTAACCCTAACCCCAACCCCAACCCCAACCCCAACCCCAACCCCAACCCTAACCCCTAACCCTAACCCTACCCCTACCCTAACCCTAACCCTAACCC,0.9999998,0.99031085,0.8787761,23.27623,1.0,0.9897121,0.92671937
98,A,G,CCCTAAACCCTAACCCTAACCCTAACCCTAACCCTAACCCCAACCCCAACCCCAACCCCAACCCCAACCCCAACCCTAACCCCTAACCCTAACCCTAGCCCTACCCTAACCCTAACCCTAACCC,0.9999994,0.9937563,0.87098926,20.581186,1.0,0.9907807,0.92231333
98,A,T,CCCTAAACCCTAACCCTAACCCTAACCCTAACCCTAACCCCAACCCCAACCCCAACCCCAACCCCAACCCCAACCCTAACCCCTAACCCTAACCCTATCCCTACCCTAACCCTAACCCTAACCC,0.9999997,0.9835958,0.84420085,22.11084,1.0,0.9872485,0.9151985
99,C,A,CCCTAAACCCTAACCCTAACCCTAACCCTAACCCTAACCCCAACCCCAACCCCAACCCCAACCCCAACCCCAACCCTAACCCCTAACCCTAACCCTAAACCTACCCTAACCCTAACCCTAACCC,0.99999964,0.97800446,0.8446674,20.581186,1.0,0.980719,0.91217834
99,C,C,CCCTAAACCCTAACCCTAACCCTAACCCTAACCCTAACCCCAACCCCAACCCCAACCCCAACCCCAACCCCAACCCTAACCCCTAACCCTAACCCTAACCCTACCCTAACCCTAACCCTAACCC,0.9999997,0.9881084,0.8555306,22.184523,1.0,0.9872693,0.9159001
99,C,G,CCCTAAACCCTAACCCTAACCCTAACCCTAACCCTAACCCCAACCCCAACCCCAACCCCAACCCCAACCCCAACCCTAACCCCTAACCCTAACCCTAAGCCTACCCTAACCCTAACCCTAACCC,0.99999946,0.9803819,0.83676815,20.581186,1.0,0.9852733,0.8998281
99,C,T,CCCTAAACCCTAACCCTAACCCTAACCCTAACCCTAACCCCAACCCCAACCCCAACCCCAACCCCAACCCCAACCCTAACCCCTAACCCTAACCCTAATCCTACCCTAACCCTAACCCTAACCC,0.99999964,0.9766195,0.85359937,21.509562,1.0,0.97283375,0.91012883
100,C,A,CCCTAAACCCTAACCCTAACCCTAACCCTAACCCTAACCCCAACCCCAACCCCAACCCCAACCCCAACCCCAACCCTAACCCCTAACCCTAACCCTAACACTACCCTAACCCTAACCCTAACCC,0.9999995,0.9817038,0.8895055,20.581186,1.0,0.985776,0.93571746
100,C,C,CCCTAAACCCTAACCCTAACCCTAACCCTAACCCTAACCCCAACCCCAACCCCAACCCCAACCCCAACCCCAACCCTAACCCCTAACCCTAACCCTAACCCTACCCTAACCCTAACCCTAACCC,0.9999997,0.9881084,0.8555306,22.184523,1.0,0.9872693,0.9159001
100,C,G,CCCTAAACCCTAACCCTAACCCTAACCCTAACCCTAACCCCAACCCCAACCCCAACCCCAACCCCAACCCCAACCCTAACCCCTAACCCTAACCCTAACGCTACCCTAACCCTAACCCTAACCC,0.99999803,0.991763,0.9094158,20.581186,1.0,0.99133253,0.93703246
100,C,T,CCCTAAACCCTAACCCTAACCCTAACCCTAACCCTAACCCCAACCCCAACCCCAACCCCAACCCCAACCCCAACCCTAACCCCTAACCCTAACCCTAACTCTACCCTAACCCTAACCCTAACCC,0.9999996,0.9793571,0.85519105,20.581186,1.0,0.9820228,0.92519194
101,C,A,CCCTAAACCCTAACCCTAACCCTAACCCTAACCCTAACCCCAACCCCAACCCCAACCCCAACCCCAACCCCAACCCTAACCCCTAACCCTAACCCTAACCATACCCTAACCCTAACCCTAACCC,0.9999993,0.9795396,0.863022,20.581186,1.0,0.9862439,0.92184407
101,C,C,CCCTAAACCCTAACCCTAACCCTAACCCTAACCCTAACCCCAACCCCAACCCCAACCCCAACCCCAACCCCAACCCTAACCCCTAACCCTAACCCTAACCCTACCCTAACCCTAACCCTAACCC,0.9999997,0.9881084,0.8555306,22.184523,1.0,0.9872693,0.9159001
101,C,G,CCCTAAACCCTAACCCTAACCCTAACCCTAACCCTAACCCCAACCCCAACCCCAACCCCAACCCCAACCCCAACCCTAACCCCTAACCCTAACCCTAACCGTACCCTAACCCTAACCCTAACCC,0.9999974,0.9935628,0.8772394,20.581186,1.0,0.9911349,0.9367983
101,C,T,CCCTAAACCCTAACCCTAACCCTAACCCTAACCCTAACCCCAACCCCAACCCCAACCCCAACCCCAACCCCAACCCTAACCCCTAACCCTAACCCTAACCTTACCCTAACCCTAACCCTAACCC,0.9999996,0.96786505,0.83985674,20.581186,1.0,0.9786906,0.9248955
102,T,A,CCCTAAACCCTAACCCTAACCCTAACCCTAACCCTAACCCCAACCCCAACCCCAACCCCAACCCCAACCCCAACCCTAACCCCTAACCCTAACCCTAACCCAACCCTAACCCTAACCCTAACCC,0.9999995,0.9841547,0.83353275,20.8756,1.0,0.98805493,0.9088309
102,T,C,CCCTAAACCCTAACCCTAACCCTAACCCTAACCCTAACCCCAACCCCAACCCCAACCCCAACCCCAACCCCAACCCTAACCCCTAACCCTAACCCTAACCCCACCCTAACCCTAACCCTAACCC,0.9999997,0.992592,0.88000846,24.207386,1.0,0.99305016,0.936574
102,T,G,CCCTAAACCCTAACCCTAACCCTAACCCTAACCCTAACCCCAACCCCAACCCCAACCCCAACCCCAACCCCAACCCTAACCCCTAACCCTAACCCTAACCCGACCCTAACCCTAACCCTAACCC,0.999999,0.9956475,0.87064666,20.581186,1.0,0.9939855,0.92583394
102,T,T,CCCTAAACCCTAACCCTAACCCTAACCCTAACCCTAACCCCAACCCCAACCCCAACCCCAACCCCAACCCCAACCCTAACCCCTAACCCTAACCCTAACCCTACCCTAACCCTAACCCTAACCC,0.9999997,0.9881084,0.8555306,22.184523,1.0,0.9872693,0.9159001
103,A,A,CCCTAAACCCTAACCCTAACCCTAACCCTAACCCTAACCCCAACCCCAACCCCAACCCCAACCCCAACCCCAACCCTAACCCCTAACCCTAACCCTAACCCTACCCTAACCCTAACCCTAACCC,0.9999997,0.9881084,0.8555306,22.184523,1.0,0.9872693,0.9159001
103,A,C,CCCTAAACCCTAACCCTAACCCTAACCCTAACCCTAACCCCAACCCCAACCCCAACCCCAACCCCAACCCCAACCCTAACCCCTAACCCTAACCCTAACCCTCCCCTAACCCTAACCCTAACCC,0.9999999,0.98865706,0.84359765,24.109108,1.0,0.9903552,0.9058726
103,A,G,CCCTAAACCCTAACCCTAACCCTAACCCTAACCCTAACCCCAACCCCAACCCCAACCCCAACCCCAACCCCAACCCTAACCCCTAACCCTAACCCTAACCCTGCCCTAACCCTAACCCTAACCC,0.9999997,0.9883527,0.85576206,20.581186,1.0,0.990059,0.92062116
103,A,T,CCCTAAACCCTAACCCTAACCCTAACCCTAACCCTAACCCCAACCCCAACCCCAACCCCAACCCCAACCCCAACCCTAACCCCTAACCCTAACCCTAACCCTTCCCTAACCCTAACCCTAACCC,0.9999998,0.97614056,0.81390667,22.604849,1.0,0.98337877,0.8983917
104,C,A,CCCTAAACCCTAACCCTAACCCTAACCCTAACCCTAACCCCAACCCCAACCCCAACCCCAACCCCAACCCCAACCCTAACCCCTAACCCTAACCCTAACCCTAACCTAACCCTAACCCTAACCC,0.9999994,0.97879964,0.85599875,20.581186,1.0,0.98368144,0.9148855
104,C,C,CCCTAAACCCTAACCCTAACCCTAACCCTAACCCTAACCCCAACCCCAACCCCAACCCCAACCCCAACCCCAACCCTAACCCCTAACCCTAACCCTAACCCTACCCTAACCCTAACCCTAACCC,0.9999997,0.9881084,0.8555306,22.184523,1.0,0.9872693,0.9159001
104,C,G,CCCTAAACCCTAACCCTAACCCTAACCCTAACCCTAACCCCAACCCCAACCCCAACCCCAACCCCAACCCCAACCCTAACCCCTAACCCTAACCCTAACCCTAGCCTAACCCTAACCCTAACCC,0.99999905,0.9871126,0.85487485,20.581186,1.0,0.9866508,0.89562887
104,C,T,CCCTAAACCCTAACCCTAACCCTAACCCTAACCCTAACCCCAACCCCAACCCCAACCCCAACCCCAACCCCAACCCTAACCCCTAACCCTAACCCTAACCCTATCCTAACCCTAACCCTAACCC,0.99999946,0.9730483,0.84694636,21.082191,1.0,0.98085594,0.91190755
105,C,A,CCCTAAACCCTAACCCTAACCCTAACCCTAACCCTAACCCCAACCCCAACCCCAACCCCAACCCCAACCCCAACCCTAACCCCTAACCCTAACCCTAACCCTACACTAACCCTAACCCTAACCC,0.9999996,0.98811615,0.8882483,20.581186,1.0,0.98495877,0.9398596
105,C,C,CCCTAAACCCTAACCCTAACCCTAACCCTAACCCTAACCCCAACCCCAACCCCAACCCCAACCCCAACCCCAACCCTAACCCCTAACCCTAACCCTAACCCTACCCTAACCCTAACCCTAACCC,0.9999997,0.9881084,0.8555306,22.184523,1.0,0.9872693,0.9159001
105,C,G,CCCTAAACCCTAACCCTAACCCTAACCCTAACCCTAACCCCAACCCCAACCCCAACCCCAACCCCAACCCCAACCCTAACCCCTAACCCTAACCCTAACCCTACGCTAACCCTAACCCTAACCC,0.9999984,0.99426866,0.8892588,20.581186,1.0,0.99034023,0.9399637
105,C,T,CCCTAAACCCTAACCCTAACCCTAACCCTAACCCTAACCCCAACCCCAACCCCAACCCCAACCCCAACCCCAACCCTAACCCCTAACCCTAACCCTAACCCTACTCTAACCCTAACCCTAACCC,0.99999964,0.9766912,0.86746806,20.637003,1.0,0.9795484,0.92474663
106,C,A,CCCTAAACCCTAACCCTAACCCTAACCCTAACCCTAACCCCAACCCCAACCCCAACCCCAACCCCAACCCCAACCCTAACCCCTAACCCTAACCCTAACCCTACCATAACCCTAACCCTAACCC,0.9999994,0.9766906,0.83029383,20.581186,1.0,0.9795867,0.9101677
106,C,C,CCCTAAACCCTAACCCTAACCCTAACCCTAACCCTAACCCCAACCCCAACCCCAACCCCAACCCCAACCCCAACCCTAACCCCTAACCCTAACCCTAACCCTACCCTAACCCTAACCCTAACCC,0.9999997,0.9881084,0.8555306,22.184523,1.0,0.9872693,0.9159001
106,C,G,CCCTAAACCCTAACCCTAACCCTAACCCTAACCCTAACCCCAACCCCAACCCCAACCCCAACCCCAACCCCAACCCTAACCCCTAACCCTAACCCTAACCCTACCGTAACCCTAACCCTAACCC,0.99999845,0.99041,0.88458467,20.581186,1.0,0.98993146,0.91550225
106,C,T,CCCTAAACCCTAACCCTAACCCTAACCCTAACCCTAACCCCAACCCCAACCCCAACCCCAACCCCAACCCCAACCCTAACCCCTAACCCTAACCCTAACCCTACCTTAACCCTAACCCTAACCC,0.9999995,0.9738363,0.8081219,21.204693,1.0,0.9793726,0.9111141
107,T,A,CCCTAAACCCTAACCCTAACCCTAACCCTAACCCTAACCCCAACCCCAACCCCAACCCCAACCCCAACCCCAACCCTAACCCCTAACCCTAACCCTAACCCTACCCAAACCCTAACCCTAACCC,0.9999997,0.9851412,0.8565669,21.671356,1.0,0.9878511,0.91833085
107,T,C,CCCTAAACCCTAACCCTAACCCTAACCCTAACCCTAACCCCAACCCCAACCCCAACCCCAACCCCAACCCCAACCCTAACCCCTAACCCTAACCCTAACCCTACCCCAACCCTAACCCTAACCC,0.9999997,0.98872966,0.8492513,22.589035,1.0,0.98947674,0.9153061
107,T,G,CCCTAAACCCTAACCCTAACCCTAACCCTAACCCTAACCCCAACCCCAACCCCAACCCCAACCCCAACCCCAACCCTAACCCCTAACCCTAACCCTAACCCTACCCGAACCCTAACCCTAACCC,0.99999917,0.9940396,0.8628036,20.581186,1.0,0.99410886,0.9267345
107,T,T,CCCTAAACCCTAACCCTAACCCTAACCCTAACCCTAACCCCAACCCCAACCCCAACCCCAACCCCAACCCCAACCCTAACCCCTAACCCTAACCCTAACCCTACCCTAACCCTAACCCTAACCC,0.9999997,0.9881084,0.8555306,22.184523,1.0,0.9872693,0.9159001
108,A,A,CCCTAAACCCTAACCCTAACCCTAACCCTAACCCTAACCCCAACCCCAACCCCAACCCCAACCCCAACCCCAACCCTAACCCCTAACCCTAACCCTAACCCTACCCTAACCCTAACCCTAACCC,0.9999997,0.9881084,0.8555306,22.184523,1.0,0.9872693,0.9159001
108,A,C,CCCTAAACCCTAACCCTAACCCTAACCCTAACCCTAACCCCAACCCCAACCCCAACCCCAACCCCAACCCCAACCCTAACCCCTAACCCTAACCCTAACCCTACCCTCACCCTAACCCTAACCC,0.9999998,0.99087536,0.8705379,22.772465,1.0,0.9911403,0.93523604
108,A,G,CCCTAAACCCTAACCCTAACCCTAACCCTAACCCTAACCCCAACCCCAACCCCAACCCCAACCCCAACCCCAACCCTAACCCCTAACCCTAACCCTAACCCTACCCTGACCCTAACCCTAACCC,0.99999964,0.9866282,0.81115794,20.581186,1.0,0.99111885,0.90432185
108,A,T,CCCTAAACCCTAACCCTAACCCTAACCCTAACCCTAACCCCAACCCCAACCCCAACCCCAACCCCAACCCCAACCCTAACCCCTAACCCTAACCCTAACCCTACCCTTACCCTAACCCTAACCC,0.99999976,0.98241174,0.85339487,22.293169,1.0,0.98357695,0.9212196
109,A,A,CCCTAAACCCTAACCCTAACCCTAACCCTAACCCTAACCCCAACCCCAACCCCAACCCCAACCCCAACCCCAACCCTAACCCCTAACCCTAACCCTAACCCTACCCTAACCCTAACCCTAACCC,0.9999997,0.9881084,0.8555306,22.184523,1.0,0.9872693,0.9159001
109,A,C,CCCTAAACCCTAACCCTAACCCTAACCCTAACCCTAACCCCAACCCCAACCCCAACCCCAACCCCAACCCCAACCCTAACCCCTAACCCTAACCCTAACCCTACCCTACCCCTAACCCTAACCC,0.99999976,0.99304897,0.8861724,23.292343,1.0,0.9911986,0.934565
109,A,G,CCCTAAACCCTAACCCTAACCCTAACCCTAACCCTAACCCCAACCCCAACCCCAACCCCAACCCCAACCCCAACCCTAACCCCTAACCCTAACCCTAACCCTACCCTAGCCCTAACCCTAACCC,0.99999946,0.9901693,0.86939263,20.581186,1.0,0.99083626,0.92309576
109,A,T,CCCTAAACCCTAACCCTAACCCTAACCCTAACCCTAACCCCAACCCCAACCCCAACCCCAACCCCAACCCCAACCCTAACCCCTAACCCTAACCCTAACCCTACCCTATCCCTAACCCTAACCC,0.9999997,0.9849648,0.86340517,22.11573,1.0,0.9886702,0.93128103
110,C,A,CCCTAAACCCTAACCCTAACCCTAACCCTAACCCTAACCCCAACCCCAACCCCAACCCCAACCCCAACCCCAACCCTAACCCCTAACCCTAACCCTAACCCTACCCTAAACCTAACCCTAACCC,0.9999996,0.9839022,0.8720919,20.581186,1.0,0.98478085,0.9271193
110,C,C,CCCTAAACCCTAACCCTAACCCTAACCCTAACCCTAACCCCAACCCCAACCCCAACCCCAACCCCAACCCCAACCCTAACCCCTAACCCTAACCCTAACCCTACCCTAACCCTAACCCTAACCC,0.9999997,0.9881084,0.8555306,22.184523,1.0,0.9872693,0.9159001
110,C,G,CCCTAAACCCTAACCCTAACCCTAACCCTAACCCTAACCCCAACCCCAACCCCAACCCCAACCCCAACCCCAACCCTAACCCCTAACCCTAACCCTAACCCTACCCTAAGCCTAACCCTAACCC,0.99999934,0.9903564,0.869335,20.581186,1.0,0.988738,0.9220696
110,C,T,CCCTAAACCCTAACCCTAACCCTAACCCTAACCCTAACCCCAACCCCAACCCCAACCCCAACCCCAACCCCAACCCTAACCCCTAACCCTAACCCTAACCCTACCCTAATCCTAACCCTAACCC,0.9999996,0.9802938,0.8674649,21.42071,1.0,0.97737586,0.92283267
111,C,A,CCCTAAACCCTAACCCTAACCCTAACCCTAACCCTAACCCCAACCCCAACCCCAACCCCAACCCCAACCCCAACCCTAACCCCTAACCCTAACCCTAACCCTACCCTAACACTAACCCTAACCC,0.99999946,0.98007685,0.86870843,20.581186,1.0,0.9819653,0.931194
111,C,C,CCCTAAACCCTAACCCTAACCCTAACCCTAACCCTAACCCCAACCCCAACCCCAACCCCAACCCCAACCCCAACCCTAACCCCTAACCCTAACCCTAACCCTACCCTAACCCTAACCCTAACCC,0.9999997,0.9881084,0.8555306,22.184523,1.0,0.9872693,0.9159001
111,C,G,CCCTAAACCCTAACCCTAACCCTAACCCTAACCCTAACCCCAACCCCAACCCCAACCCCAACCCCAACCCCAACCCTAACCCCTAACCCTAACCCTAACCCTACCCTAACGCTAACCCTAACCC,0.99999785,0.9922744,0.90704936,20.581186,1.0,0.9897898,0.9353398
111,C,T,CCCTAAACCCTAACCCTAACCCTAACCCTAACCCTAACCCCAACCCCAACCCCAACCCCAACCCCAACCCCAACCCTAACCCCTAACCCTAACCCTAACCCTACCCTAACTCTAACCCTAACCC,0.9999996,0.9728975,0.82896614,20.581186,1.0,0.97923845,0.92267823
112,C,A,CCCTAAACCCTAACCCTAACCCTAACCCTAACCCTAACCCCAACCCCAACCCCAACCCCAACCCCAACCCCAACCCTAACCCCTAACCCTAACCCTAACCCTACCCTAACCATAACCCTAACCC,0.99999946,0.9766789,0.85959655,20.581186,1.0,0.9817514,0.916086
112,C,C,CCCTAAACCCTAACCCTAACCCTAACCCTAACCCTAACCCCAACCCCAACCCCAACCCCAACCCCAACCCCAACCCTAACCCCTAACCCTAACCCTAACCCTACCCTAACCCTAACCCTAACCC,0.9999997,0.9881084,0.8555306,22.184523,1.0,0.9872693,0.9159001
112,C,G,CCCTAAACCCTAACCCTAACCCTAACCCTAACCCTAACCCCAACCCCAACCCCAACCCCAACCCCAACCCCAACCCTAACCCCTAACCCTAACCCTAACCCTACCCTAACCGTAACCCTAACCC,0.99999803,0.9918072,0.85941523,20.581186,1.0,0.9889388,0.913975
112,C,T,CCCTAAACCCTAACCCTAACCCTAACCCTAACCCTAACCCCAACCCCAACCCCAACCCCAACCCCAACCCCAACCCTAACCCCTAACCCTAACCCTAACCCTACCCTAACCTTAACCCTAACCC,0.9999996,0.9789838,0.837175,21.194942,1.0,0.9802667,0.9130548
113,T,A,CCCTAAACCCTAACCCTAACCCTAACCCTAACCCTAACCCCAACCCCAACCCCAACCCCAACCCCAACCCCAACCCTAACCCCTAACCCTAACCCTAACCCTACCCTAACCCAAACCCTAACCC,0.9999997,0.9875586,0.8533434,21.035242,1.0,0.98775274,0.9190924
113,T,C,CCCTAAACCCTAACCCTAACCCTAACCCTAACCCTAACCCCAACCCCAACCCCAACCCCAACCCCAACCCCAACCCTAACCCCTAACCCTAACCCTAACCCTACCCTAACCCCAACCCTAACCC,0.9999997,0.9885936,0.8526918,22.167053,1.0,0.9873454,0.9126886
113,T,G,CCCTAAACCCTAACCCTAACCCTAACCCTAACCCTAACCCCAACCCCAACCCCAACCCCAACCCCAACCCCAACCCTAACCCCTAACCCTAACCCTAACCCTACCCTAACCCGAACCCTAACCC,0.9999993,0.995404,0.905331,20.581186,1.0,0.9941792,0.9457525
113,T,T,CCCTAAACCCTAACCCTAACCCTAACCCTAACCCTAACCCCAACCCCAACCCCAACCCCAACCCCAACCCCAACCCTAACCCCTAACCCTAACCCTAACCCTACCCTAACCCTAACCCTAACCC,0.9999997,0.9881084,0.8555306,22.184523,1.0,0.9872693,0.9159001
114,A,A,CCCTAAACCCTAACCCTAACCCTAACCCTAACCCTAACCCCAACCCCAACCCCAACCCCAACCCCAACCCCAACCCTAACCCCTAACCCTAACCCTAACCCTACCCTAACCCTAACCCTAACCC,0.9999997,0.9881084,0.8555306,22.184523,1.0,0.9872693,0.9159001
114,A,C,CCCTAAACCCTAACCCTAACCCTAACCCTAACCCTAACCCCAACCCCAACCCCAACCCCAACCCCAACCCCAACCCTAACCCCTAACCCTAACCCTAACCCTACCCTAACCCTCACCCTAACCC,0.99999976,0.99208635,0.891481,21.825932,1.0,0.99206436,0.9447788
114,A,G,CCCTAAACCCTAACCCTAACCCTAACCCTAACCCTAACCCCAACCCCAACCCCAACCCCAACCCCAACCCCAACCCTAACCCCTAACCCTAACCCTAACCCTACCCTAACCCTGACCCTAACCC,0.99999946,0.9848792,0.8148035,20.581186,1.0,0.98833823,0.90566283
114,A,T,CCCTAAACCCTAACCCTAACCCTAACCCTAACCCTAACCCCAACCCCAACCCCAACCCCAACCCCAACCCCAACCCTAACCCCTAACCCTAACCCTAACCCTACCCTAACCCTTACCCTAACCC,0.99999964,0.98412997,0.84727603,22.039278,1.0,0.98492384,0.92544144
115,A,A,CCCTAAACCCTAACCCTAACCCTAACCCTAACCCTAACCCCAACCCCAACCCCAACCCCAACCCCAACCCCAACCCTAACCCCTAACCCTAACCCTAACCCTACCCTAACCCTAACCCTAACCC,0.9999997,0.9881084,0.8555306,22.184523,1.0,0.9872693,0.9159001
115,A,C,CCCTAAACCCTAACCCTAACCCTAACCCTAACCCTAACCCCAACCCCAACCCCAACCCCAACCCCAACCCCAACCCTAACCCCTAACCCTAACCCTAACCCTACCCTAACCCTACCCCTAACCC,0.9999997,0.990142,0.8719413,22.809465,1.0,0.9891266,0.9276227
115,A,G,CCCTAAACCCTAACCCTAACCCTAACCCTAACCCTAACCCCAACCCCAACCCCAACCCCAACCCCAACCCCAACCCTAACCCCTAACCCTAACCCTAACCCTACCCTAACCCTAGCCCTAACCC,0.99999946,0.9909982,0.87117815,20.581186,1.0,0.98971325,0.9243945
115,A,T,CCCTAAACCCTAACCCTAACCCTAACCCTAACCCTAACCCCAACCCCAACCCCAACCCCAACCCCAACCCCAACCCTAACCCCTAACCCTAACCCTAACCCTACCCTAACCCTATCCCTAACCC,0.9999996,0.98414177,0.8640311,22.077274,1.0,0.9878802,0.9249484
116,C,A,CCCTAAACCCTAACCCTAACCCTAACCCTAACCCTAACCCCAACCCCAACCCCAACCCCAACCCCAACCCCAACCCTAACCCCTAACCCTAACCCTAACCCTACCCTAACCCTAAACCTAACCC,0.99999964,0.9854516,0.8648899,20.916965,1.0,0.9842484,0.9270764
116,C,C,CCCTAAACCCTAACCCTAACCCTAACCCTAACCCTAACCCCAACCCCAACCCCAACCCCAACCCCAACCCCAACCCTAACCCCTAACCCTAACCCTAACCCTACCCTAACCCTAACCCTAACCC,0.9999997,0.9881084,0.8555306,22.184523,1.0,0.9872693,0.9159001
116,C,G,CCCTAAACCCTAACCCTAACCCTAACCCTAACCCTAACCCCAACCCCAACCCCAACCCCAACCCCAACCCCAACCCTAACCCCTAACCCTAACCCTAACCCTACCCTAACCCTAAGCCTAACCC,0.99999934,0.9854645,0.8616792,20.581186,1.0,0.98608726,0.9161149
116,C,T,CCCTAAACCCTAACCCTAACCCTAACCCTAACCCTAACCCCAACCCCAACCCCAACCCCAACCCCAACCCCAACCCTAACCCCTAACCCTAACCCTAACCCTACCCTAACCCTAATCCTAACCC,0.9999996,0.9794042,0.8646325,21.600115,1.0,0.9770947,0.9217947
117,C,A,CCCTAAACCCTAACCCTAACCCTAACCCTAACCCTAACCCCAACCCCAACCCCAACCCCAACCCCAACCCCAACCCTAACCCCTAACCCTAACCCTAACCCTACCCTAACCCTAACACTAACCC,0.9999995,0.9810826,0.87769085,20.581186,1.0,0.9834434,0.93491465
117,C,C,CCCTAAACCCTAACCCTAACCCTAACCCTAACCCTAACCCCAACCCCAACCCCAACCCCAACCCCAACCCCAACCCTAACCCCTAACCCTAACCCTAACCCTACCCTAACCCTAACCCTAACCC,0.9999997,0.9881084,0.8555306,22.184523,1.0,0.9872693,0.9159001
117,C,G,CCCTAAACCCTAACCCTAACCCTAACCCTAACCCTAACCCCAACCCCAACCCCAACCCCAACCCCAACCCCAACCCTAACCCCTAACCCTAACCCTAACCCTACCCTAACCCTAACGCTAACCC,0.999998,0.99227136,0.91021305,20.581186,1.0,0.99060106,0.93927056
117,C,T,CCCTAAACCCTAACCCTAACCCTAACCCTAACCCTAACCCCAACCCCAACCCCAACCCCAACCCCAACCCCAACCCTAACCCCTAACCCTAACCCTAACCCTACCCTAACCCTAACTCTAACCC,0.9999996,0.9812272,0.8497326,20.581186,1.0,0.9838316,0.92510587
118,C,A,CCCTAAACCCTAACCCTAACCCTAACCCTAACCCTAACCCCAACCCCAACCCCAACCCCAACCCCAACCCCAACCCTAACCCCTAACCCTAACCCTAACCCTACCCTAACCCTAACCATAACCC,0.9999994,0.9791439,0.87055874,21.007376,1.0,0.98295933,0.914128
118,C,C,CCCTAAACCCTAACCCTAACCCTAACCCTAACCCTAACCCCAACCCCAACCCCAACCCCAACCCCAACCCCAACCCTAACCCCTAACCCTAACCCTAACCCTACCCTAACCCTAACCCTAACCC,0.9999997,0.9881084,0.8555306,22.184523,1.0,0.9872693,0.9159001
118,C,G,CCCTAAACCCTAACCCTAACCCTAACCCTAACCCTAACCCCAACCCCAACCCCAACCCCAACCCCAACCCCAACCCTAACCCCTAACCCTAACCCTAACCCTACCCTAACCCTAACCGTAACCC,0.99999815,0.99122274,0.8702622,20.581186,1.0,0.98799694,0.9228453
118,C,T,CCCTAAACCCTAACCCTAACCCTAACCCTAACCCTAACCCCAACCCCAACCCCAACCCCAACCCCAACCCCAACCCTAACCCCTAACCCTAACCCTAACCCTACCCTAACCCTAACCTTAACCC,0.9999995,0.976409,0.8435722,21.237907,1.0,0.98035747,0.91377974
119,T,A,CCCTAAACCCTAACCCTAACCCTAACCCTAACCCTAACCCCAACCCCAACCCCAACCCCAACCCCAACCCCAACCCTAACCCCTAACCCTAACCCTAACCCTACCCTAACCCTAACCCAAACCC,0.9999997,0.9870977,0.854182,21.836601,1.0,0.98590004,0.91694367
119,T,C,CCCTAAACCCTAACCCTAACCCTAACCCTAACCCTAACCCCAACCCCAACCCCAACCCCAACCCCAACCCCAACCCTAACCCCTAACCCTAACCCTAACCCTACCCTAACCCTAACCCCAACCC,0.9999997,0.98889697,0.85315645,22.147987,1.0,0.9877385,0.91721296
119,T,G,CCCTAAACCCTAACCCTAACCCTAACCCTAACCCTAACCCCAACCCCAACCCCAACCCCAACCCCAACCCCAACCCTAACCCCTAACCCTAACCCTAACCCTACCCTAACCCTAACCCGAACCC,0.9999993,0.9958109,0.9022507,21.408754,1.0,0.9931926,0.9425933
119,T,T,CCCTAAACCCTAACCCTAACCCTAACCCTAACCCTAACCCCAACCCCAACCCCAACCCCAACCCCAACCCCAACCCTAACCCCTAACCCTAACCCTAACCCTACCCTAACCCTAACCCTAACCC,0.9999997,0.9881084,0.8555306,22.184523,1.0,0.9872693,0.9159001
120,A,A,CCCTAAACCCTAACCCTAACCCTAACCCTAACCCTAACCCCAACCCCAACCCCAACCCCAACCCCAACCCCAACCCTAACCCCTAACCCTAACCCTAACCCTACCCTAACCCTAACCCTAACCC,0.9999997,0.9881084,0.8555306,22.184523,1.0,0.9872693,0.9159001
120,A,C,CCCTAAACCCTAACCCTAACCCTAACCCTAACCCTAACCCCAACCCCAACCCCAACCCCAACCCCAACCCCAACCCTAACCCCTAACCCTAACCCTAACCCTACCCTAACCCTAACCCTCACCC,0.9999998,0.9920697,0.8789875,22.092495,1.0,0.9907154,0.93251663
120,A,G,CCCTAAACCCTAACCCTAACCCTAACCCTAACCCTAACCCCAACCCCAACCCCAACCCCAACCCCAACCCCAACCCTAACCCCTAACCCTAACCCTAACCCTACCCTAACCCTAACCCTGACCC,0.99999946,0.988094,0.8345545,20.866663,1.0,0.98847145,0.9083629
120,A,T,CCCTAAACCCTAACCCTAACCCTAACCCTAACCCTAACCCCAACCCCAACCCCAACCCCAACCCCAACCCCAACCCTAACCCCTAACCCTAACCCTAACCCTACCCTAACCCTAACCCTTACCC,0.99999964,0.9850462,0.8481594,22.321987,1.0,0.98559314,0.9209436
121,A,A,CCCTAAACCCTAACCCTAACCCTAACCCTAACCCTAACCCCAACCCCAACCCCAACCCCAACCCCAACCCCAACCCTAACCCCTAACCCTAACCCTAACCCTACCCTAACCCTAACCCTAACCC,0.9999997,0.9881084,0.8555306,22.184523,1.0,0.9872693,0.9159001
121,A,C,CCCTAAACCCTAACCCTAACCCTAACCCTAACCCTAACCCCAACCCCAACCCCAACCCCAACCCCAACCCCAACCCTAACCCCTAACCCTAACCCTAACCCTACCCTAACCCTAACCCTACCCC,0.9999997,0.9902438,0.8663005,22.184523,1.0,0.9908481,0.9268218
121,A,G,CCCTAAACCCTAACCCTAACCCTAACCCTAACCCTAACCCCAACCCCAACCCCAACCCCAACCCCAACCCCAACCCTAACCCCTAACCCTAACCCTAACCCTACCCTAACCCTAACCCTAGCCC,0.99999946,0.99202234,0.8725115,22.184523,1.0,0.9884533,0.9093613
121,A,T,CCCTAAACCCTAACCCTAACCCTAACCCTAACCCTAACCCCAACCCCAACCCCAACCCCAACCCCAACCCCAACCCTAACCCCTAACCCTAACCCTAACCCTACCCTAACCCTAACCCTATCCC,0.9999996,0.9885723,0.87128323,22.184523,1.0,0.9888733,0.9256367
122,C,A,CCCTAAACCCTAACCCTAACCCTAACCCTAACCCTAACCCCAACCCCAACCCCAACCCCAACCCCAACCCCAACCCTAACCCCTAACCCTAACCCTAACCCTACCCTAACCCTAACCCTAAACC,0.9999996,0.9875829,0.8652438,22.184523,1.0,0.98522884,0.92074853
122,C,C,CCCTAAACCCTAACCCTAACCCTAACCCTAACCCTAACCCCAACCCCAACCCCAACCCCAACCCCAACCCCAACCCTAACCCCTAACCCTAACCCTAACCCTACCCTAACCCTAACCCTAACCC,0.9999997,0.9881084,0.8555306,22.184523,1.0,0.9872693,0.9159001
122,C,G,CCCTAAACCCTAACCCTAACCCTAACCCTAACCCTAACCCCAACCCCAACCCCAACCCCAACCCCAACCCCAACCCTAACCCCTAACCCTAACCCTAACCCTACCCTAACCCTAACCCTAAGCC,0.99999934,0.98641133,0.8530653,22.184523,1.0,0.9844632,0.902066
122,C,T,CCCTAAACCCTAACCCTAACCCTAACCCTAACCCTAACCCCAACCCCAACCCCAACCCCAACCCCAACCCCAACCCTAACCCCTAACCCTAACCCTAACCCTACCCTAACCCTAACCCTAATCC,0.9999996,0.9835815,0.86755085,22.184523,1.0,0.98124677,0.92200464
123,C,A,CCCTAAACCCTAACCCTAACCCTAACCCTAACCCTAACCCCAACCCCAACCCCAACCCCAACCCCAACCCCAACCCTAACCCCTAACCCTAACCCTAACCCTACCCTAACCCTAACCCTAACAC,0.9999995,0.9843784,0.86372685,22.184523,1.0,0.98407495,0.9187285
123,C,C,CCCTAAACCCTAACCCTAACCCTAACCCTAACCCTAACCCCAACCCCAACCCCAACCCCAACCCCAACCCCAACCCTAACCCCTAACCCTAACCCTAACCCTACCCTAACCCTAACCCTAACCC,0.9999997,0.9881084,0.8555306,22.184523,1.0,0.9872693,0.9159001
123,C,G,CCCTAAACCCTAACCCTAACCCTAACCCTAACCCTAACCCCAACCCCAACCCCAACCCCAACCCCAACCCCAACCCTAACCCCTAACCCTAACCCTAACCCTACCCTAACCCTAACCCTAACGC,0.99999875,0.9932788,0.9195612,22.184523,1.0,0.98883647,0.9333596
123,C,T,CCCTAAACCCTAACCCTAACCCTAACCCTAACCCTAACCCCAACCCCAACCCCAACCCCAACCCCAACCCCAACCCTAACCCCTAACCCTAACCCTAACCCTACCCTAACCCTAACCCTAACTC,0.9999996,0.9834948,0.8524835,22.184523,1.0,0.9834283,0.91573507
124,C,A,CCCTAAACCCTAACCCTAACCCTAACCCTAACCCTAACCCCAACCCCAACCCCAACCCCAACCCCAACCCCAACCCTAACCCCTAACCCTAACCCTAACCCTACCCTAACCCTAACCCTAACCA,0.9999996,0.98416513,0.85415435,22.184523,1.0,0.9857495,0.91427445
124,C,C,CCCTAAACCCTAACCCTAACCCTAACCCTAACCCTAACCCCAACCCCAACCCCAACCCCAACCCCAACCCCAACCCTAACCCCTAACCCTAACCCTAACCCTACCCTAACCCTAACCCTAACCC,0.9999997,0.9881084,0.8555306,22.184523,1.0,0.9872693,0.9159001
124,C,G,CCCTAAACCCTAACCCTAACCCTAACCCTAACCCTAACCCCAACCCCAACCCCAACCCCAACCCCAACCCCAACCCTAACCCCTAACCCTAACCCTAACCCTACCCTAACCCTAACCCTAACCG,0.9999987,0.99158865,0.869844,22.184523,1.0,0.98849994,0.91409004
124,C,T,CCCTAAACCCTAACCCTAACCCTAACCCTAACCCTAACCCCAACCCCAACCCCAACCCCAACCCCAACCCCAACCCTAACCCCTAACCCTAACCCTAACCCTACCCTAACCCTAACCCTAACCT,0.9999996,0.9835157,0.8450464,22.184523,1.0,0.9835361,0.9141184
